review_id,reviewer,text,rating,date,predicted_category,bug_subcategory,transaction_subcategory,ui_subcategory,suggestion_type,urgency_score,churn_risk
593f110a-e808-4607-bfe9-cff6b2ceb31a,Rashid Hussain,very nice very good,5,2026-08-18 06:05:24,Positive,,,,,0,False
33dcd94b-75f6-40b6-8b40-c38cda765717,Mansoor Raja,good,5,2026-08-18 05:47:17,Positive,,,,,0,False
a023e8b2-39f2-4b28-8da6-1e15351c1172,Munna Mobile,i have compatibilty issue in samsung A57 whenever i try to scan my fingerprints my app get hang please resolve my issue asap . thanks,1,2026-08-18 05:42:37,Bug,App Not Opening/Loading,,,,0,False
943eb368-2193-49f6-bc7b-febcbbbab8a8,Jameel Jameel,Excited*******†,5,2026-08-18 04:58:37,Suggestion,,,,Other Feature Request,0,False
93f3ce86-6da7-4da7-8df3-6e3178fb7d11,rafia raheem,good,4,2026-08-18 04:35:35,Positive,,,,,0,False
6b6c5ba7-5eb8-4d27-96b2-5c9db8e6dae8,Asif Aziz,Best App,5,2026-08-18 02:57:15,Positive,,,,,0,False
c95a46d7-f7ab-4e0c-a4f9-ad71cc87bf4d,Awais Panhwar,Safe transactions secure payments Good experience with Meezan Bank thank you Meezan Bank,5,2026-08-18 02:06:55,Positive,,,,,0,False
21a71e7c-765c-4642-90a1-e4f51d683ad0,Mohammad Azam,best but add loan facilities and other insentives like investment profit features.,5,2026-08-18 01:41:18,Suggestion,,,,Other Feature Request,0,False
7bda536c-174b-49b0-bf00-5e573bde1b06,Ali abbas,👍,5,2026-08-18 00:23:40,Suggestion,,,,Other Feature Request,0,False
ddcaf81f-c0f8-4300-b911-5926bdbed41d,Muhammad Waqas Khan,need to add extra security on OTP in each transaction due to fraud transaction,3,2026-08-17 22:16:26,Security,,,,,0,False
9c8e0887-c2a7-4e44-abfb-e9975117eb1c,Ali Hassan,bht easy ha USA ma I love its,5,2026-08-17 22:07:03,Positive,,,,,0,False
c7fefe76-85e1-4d31-bfee-54785d9f7625,Asad Naeem,Excellent 👍,5,2026-08-17 21:37:00,Positive,,,,,0,False
4a88b7e8-218d-4d0f-a0c9-7cdacf446654,Hb fair price,bht Gandi app hai chul ni rahi,1,2026-08-17 17:55:21,Suggestion,,,,Other Feature Request,0,False
318a096f-f354-40f7-8d34-600961e07bb5,Asad Shahzad,👍,5,2026-08-17 17:53:25,Suggestion,,,,Other Feature Request,0,False
0a9f24ba-4362-4bd1-9264-eb728ba79628,Saira khan,Amazing meezan bank one of the best services 🎉🎉❤️,5,2026-08-17 17:50:21,Positive,,,,,0,False
f6cf0cf7-e27d-46c9-8dfe-d41eb12b831b,M Asif Zarkoon,kindly update the app because i install this and i try to register my account but after login when i scan my fingerprint the app was hang so kindly fix the bug and resolve the problem as soon as posible...,1,2026-08-17 17:16:42,Login,,,,,0,False
2b14b0fd-41f1-4952-87db-d0d6d0d6828e,sana ullah,very good,5,2026-08-17 16:42:40,Positive,,,,,0,False
cc93a1cc-fc54-40ed-83aa-e055a926da0b,Aijazz Ahmed,Excellent!!!,5,2026-08-17 16:09:06,Positive,,,,,0,False
cb3403dd-7aba-4d05-8bf3-9151a03865cd,Rehan Malik,okay,5,2026-08-17 15:45:47,Positive,,,,,0,False
d1a095c1-332d-43db-8484-ef7dbbe9f549,fazli waheed,"Hi i have purchased new A57 mobile but Meezan bank app is not compatible with this mobile . while login to new device ,when i rechead to biometric verification it freezes there and then app freezes completely. i have discussed this issue and the Samsung agent advised me this. (kindly visit the Play Store and add the review to upgrade the app with the latest phone Samsung A57. )",2,2026-08-17 15:39:45,Login,,,,,0,False
639491a4-22ba-4105-9d18-da861fb291fa,Shahid Ashraf,good 😊,5,2026-08-17 14:22:32,Positive,,,,,0,False
6f34b396-9046-4b10-821d-94b04d96ed8c,Muhammad ullah Afridi,very Perfect,5,2026-08-17 13:12:50,Positive,,,,,0,False
a53d92ac-a064-45bc-af0c-da5add7cf899,Saad Saad,very good,5,2026-08-17 10:58:55,Positive,,,,,0,False
7c6c3e71-2891-4226-a057-0c085b335e9e,Umar Farooq,nice,5,2026-08-17 10:21:54,Positive,,,,,0,False
0e4eac1c-18d3-4546-909f-baf636d45524,Ghaffar Abbasi,good working 😃,5,2026-08-17 10:01:59,Positive,,,,,0,False
e3b61c08-f953-4e5f-b6aa-edc7c949e947,Hadi Bux Tunio,Good app,4,2026-08-17 09:45:40,Positive,,,,,0,False
82eea028-fda5-4da7-ac37-c24af1f6f189,Numan Ali,Meezan provide excellent services to it's customers. Plz make sure that keep it up ever.,5,2026-08-17 09:36:47,Positive,,,,,0,False
69e84538-5b11-4b5d-a6ef-1fc6a350b9e0,Chadi Plus,good app,5,2026-08-17 09:07:33,Positive,,,,,0,False
7a3ab54b-fca4-469d-82ff-e67afd616130,Rai Riaz Ahmad,App good working,5,2026-08-17 08:47:00,Positive,,,,,0,False
7bcf95c7-66fb-4c32-98b0-e2526f5abca9,Ali Mughal,good 😊👍🏻,5,2026-08-17 07:35:41,Positive,,,,,0,False
2b08a485-d721-4c67-ab59-baebf3bfb589,Muzi Ansari,good work meezan bank 3 years experience,5,2026-08-17 07:20:00,Positive,,,,,1,False
afacbb7b-ef8d-454a-97ee-f2389e8368e7,Abdul Wahab bin Azhar,with recent updates the app has become very slow at times. also it's my third time requesting that please add HAZECO billing options.,2,2026-08-17 04:58:13,Suggestion,,,,Other Feature Request,0,False
d957aa3f-3a09-465b-9880-55d6b37ab9a4,Live Makkah Madinah,good,5,2026-08-17 04:08:47,Positive,,,,,0,False
64b7fde4-14f1-4f6c-9cc9-ceecba34e946,abdul wahab,"Accessibility features. Just tighten your app security without restricting our phones. Major banking apps tighten their security without interfering with our phone usage. Our phone usage depends on accessibility features of many useful apps, and you want us to close them? Not fair.",1,2026-08-17 03:51:14,Suggestion,,,,Other Feature Request,0,False
e6818c6b-f0d7-465c-a550-5040716cc8e3,Ghulam Murtaza,great work,5,2026-08-17 02:40:10,Positive,,,,,0,False
224abe55-7347-4eb4-830a-40550a2cdb04,Zain Ali,too good best experience thank you so much,5,2026-08-17 00:15:25,Positive,,,,,0,False
1a00ae05-9bc6-4a75-b52d-5f8c452ad7de,Muhammad Islam,best bank,5,2026-08-16 23:52:13,Positive,,,,,0,False
7cd59095-51c3-4a52-9c25-3ca14af2d5cb,Muhammad Zubair,good 😊,5,2026-08-16 23:41:40,Positive,,,,,0,False
6e2ba10e-9282-4dd5-95a4-2d0e4c1b5879,Mahir Shaikh,kachra service anytime maintenance since 2020 everytime maintenance itni maintenance to hbl me nh ki pori sadi me fazool k drame baziya,1,2026-08-16 22:45:22,Other,,,,,0,False
22ba0038-5d65-43f0-b729-81a60f14209c,shehzad khan,"very slow, all the time down, avoid meezan bank, dosre bank main account banao",1,2026-08-16 22:42:56,UI/Design,,,Redesign to Look More Bank-like,,0,False
5bd73620-3d2c-4d6d-807c-e84b02dc8f1c,Raja Ibrar,"I,m facing issue while open the app ""Some thing went wrong plz try again later"" from previous hours how much time it will take to sort out let me clear?",2,2026-08-16 22:35:18,Bug,App Not Opening/Loading,,,,0,False
5504e990-4daf-45b9-a537-9bfe686205aa,Maryam Memon,2026 and still couldn't send 900 to a pathan for a paratha I just had just cause this all for nothing app is under maintenance what a sick joke,1,2026-08-16 21:33:18,Transaction,,IBFT,,,0,False
b953de9c-6495-42dc-b406-664dd21252cb,Danish Qamar,worst banking app ever keep lagging.even you can't login after trying multiple times,1,2026-08-16 21:06:15,Login,,,,,0,False
aeff21fb-677f-47ff-a4ee-dcf087239ec8,Ali GAMING,awesome bank,5,2026-08-16 19:34:08,Positive,,,,,0,False
a4ed9e4e-bfc5-473f-b2c5-84c1f4b8f3b4,Ali Bajwa,very bad app,1,2026-08-16 19:29:39,UI/Design,,,UI Element Misalignment,,0,False
21e6d862-35cd-4e0b-a577-b7d47d82effe,awais jan,poor,4,2026-08-16 18:52:20,Other,,,,,0,False
23f049ed-7cce-4dd7-8957-8ad17a4e5859,Rana Arslan Ali Khan,app not working properly money is not sending from 16th August 2026,5,2026-08-16 17:59:43,Bug,App Not Opening/Loading,,,,0,False
046c3256-b5a8-4331-9fb3-837f5e0b19a7,"Abdul Adeel,",it is really a good app for online banking,5,2026-08-16 17:19:36,Positive,,,,,0,False
10681095-4fd6-4c29-b787-27b651b8f755,ADNAN MUGHAL,Nice 🙂👍,5,2026-08-16 17:16:07,Positive,,,,,0,False
edfaf228-5e0b-494f-82d8-7be42d8d6ba3,Elif Dala,worst bank app reason when any bills come and this app not inform via notification or nothing else i want to deslike and uninstall this worst and waste of time app,1,2026-08-16 17:05:37,UI/Design,,,UI Element Misalignment,,0,False
0f747d24-098c-4db9-b799-2461ad029187,Wwgh Wwgh,nice app,5,2026-08-16 16:46:21,Positive,,,,,0,False
79a9de15-3535-42bc-adee-d866e227924b,Kaab Gaba,Worst Banking App,1,2026-08-16 16:17:52,UI/Design,,,UI Element Misalignment,,0,False
4c79a91d-8f96-4f55-b6ab-f66631ea8de9,Mr Speedster,Dunia ka sub say Ghatiaa and overrated bank ...,1,2026-08-16 16:09:26,Transaction,,Fees/Charges,,,0,False
e3a7733f-cce1-4017-aea1-e0b8db146ca1,Shahzaib Shahid,You should probably sell the app to UBL. At least they might be able to handle it better than you.,1,2026-08-16 16:08:08,Suggestion,,,,Reduce Update Frequency,0,False
ec9c36e8-be84-45c6-a558-eb7eef32a9e2,Bilal Akbar,worst banking app. sometimes it doesn't even log in. and sometimes just loading.,1,2026-08-16 15:38:41,Login,,,,,0,False
b3c97383-61a9-4c47-bdf5-8c8f54851da4,Muhammad Bilal Rana,very bad experience. this app and bank is faulted,1,2026-08-16 14:07:44,UI/Design,,,Unspecified/General Complaint,,0,False
a929dd81-b64c-448f-af33-c2ac347d1732,Atta Hussain,V good working v good response I m satisfied but old version was v good new version is problematic every time,5,2026-08-16 13:53:52,Positive,,,,,0,False
fed0b860-708f-49c1-84d4-3598e35bf891,Mishkat Fatima313,it's been a month and it's so slow working app I don't know why it's happening everytime error shows up whenever I want to see the transaction list,1,2026-08-16 13:28:10,Bug,Menu/Navigation Stuck (UI Freeze),,,,0,False
9674529a-e603-48f6-affd-42a6689334c1,Usman Ali,Mostly app lagging,1,2026-08-16 13:16:41,Bug,Connectivity/Login Bug,,,,0,False
05ab1529-5b87-4d5c-88f5-6208592b1c36,Azhar Baloch,I like meezan application,5,2026-08-16 13:12:13,Positive,,,,,0,False
47f9414c-7361-4979-bff7-568d9907feb1,Ws Umer,worst app experience. always on update fixing bugs . it clearly has the time rate them Zero,1,2026-08-16 13:04:29,Bug,Force-Update Loop,,,,0,False
e28c6e7c-7ae7-49a3-ac3d-23ff646f2f17,Faisal Bashir,worst service i ever seen . i have been meezan customer for 5 years but the new update is very frustrating i was in emergency situation and was trying to pay but multiple time more than 20 minutes ..transaction was not done then i have to switch my app to other bank where transaction done in millisecond sorry to say I'm done with this ghatiya service,1,2026-08-16 12:43:14,Transaction,,Wallet/Bill Transfer,,,2,True
6e99ed86-21db-4907-a82d-62391f8de7c2,Muhammad Zahid khalid,good,5,2026-08-16 12:24:45,Positive,,,,,0,False
7b770915-a824-470c-98cb-82b1aff6a3bd,Mian Nouman Hassan,"This is honestly one of the worst banking apps I have ever used. The app and banking services are frequently down, especially when you actually need them the most. Whenever I have to make an urgent transaction, the service seems to be unavailable. A banking app should be reliable and accessible 24/7, but unfortunately, this app constantly fails at the time when customers need it the most. Please improve the stability and reliability of your services because this repeated downtime is extremely",1,2026-08-16 12:06:56,Other,,,,,1,False
9efb49f4-ac72-493a-8683-47f092cd7143,Hussain Saif,keep saying system cannot process your request try again,1,2026-08-16 11:40:34,Other,,,,,0,False
eabb90f7-32b6-4f3d-9208-4acab53c5b00,MOHSIN JAVED,nice,3,2026-08-16 10:30:09,Positive,,,,,0,False
75e8f939-798f-4935-a8de-7c83cdd8ce47,harif arif,good,2,2026-08-16 10:21:59,Positive,,,,,0,False
4d29975c-9d88-4178-8f27-0894b5a7288c,Aisha Jamal,what happened to this app every other day had received message that their service is temporarily unavailable for 4 hours very pathetic app of meezan bank,1,2026-08-16 10:19:41,UI/Design,,,UI Element Misalignment,,0,False
2b042f2c-0b4c-436f-ade3-2b62caec82e4,Mohammad Haseeb,good,5,2026-08-16 10:14:03,Positive,,,,,0,False
b45c6e94-a4db-40ba-9e8e-b148dde654c5,asim ullah,Best forever,5,2026-08-16 09:17:31,Positive,,,,,0,False
9f157408-3614-440a-a63c-fbb7e7f75e75,Syed Bawa,ویری گڈ,5,2026-08-16 08:47:50,Suggestion,,,,Other Feature Request,0,False
595e8023-d92e-4f59-8912-6a1b94678585,Zohaib Sajjad,"Date: August 16, 2026 My experience with Meezan Bank has been extremely disappointing. I opened an account only a few months ago after downloading their app and started keeping my money there. Unfortunately, since then, I have faced continuous problems. Transactions take too long, payments frequently fail or face technical issues, and getting proper support when you actually need it is another challenge. Even today, I am trying to make a payment and once again facing issues. Based on my perso",1,2026-08-16 08:30:27,Transaction,,Unspecified,,,2,False
1a65a3c3-6b6e-4917-ab4f-22d65e375443,Mehboob Ul Hassan,every month new updates...wth is going with their system...,1,2026-08-16 07:46:35,UI/Design,,,UI Element Misalignment,,0,False
cd5c8398-cfbf-4cde-8c14-b7064d72d87f,Ali Shehroz,worst app.,1,2026-08-16 07:38:00,Other,,,,,0,False
478bc7c0-4500-4084-8e3c-25a7443171c3,Hassaan Kakar,worst experience by meezan bank app.never opens at time totally faulty.,1,2026-08-16 07:25:06,Bug,App Not Opening/Loading,,,,0,False
f94fdc71-eda0-4a6c-942e-474118de2b89,Umair creations,bad experience,1,2026-08-16 07:15:58,Other,,,,,0,False
cc8ec3e3-db09-42dc-9fba-a81f7d8190ce,Farhan khan,the worse application ever built... never work properly and it doesn't open even with the highest speed internet... I'm so disappointed for making it's account.,1,2026-08-16 06:27:52,Bug,App Not Opening/Loading,,,,0,False
8ec37a03-b767-4535-90c6-d1b91d5f70da,Alto Mn400,very slow aap couldn't open daily issues in aap very poor servise. daily maintaince issue i am facing. very poor meezan. sham on you meezan.,1,2026-08-16 06:17:40,Other,,,,,0,False
fcfe4b01-0865-428c-b505-aeffd8e318fd,Mustafa,"Over the years, meezan app becomes the worst app. it never works in emergencies. The app is not optimized and the UI is worst than ever.",1,2026-08-16 05:35:29,UI/Design,,,Unspecified/General Complaint,,1,True
5d0ef5de-7608-48ab-a832-2deaeaa2b84b,Usman Arshad,good,5,2026-08-16 04:26:23,Positive,,,,,0,False
a0aaf42a-caf4-484d-8242-2e1c40aa62af,Ilyas shah,"Meezan bank app is nor properly working since last month, dont know why alot of peoples facing the problem is not fixing even the concerend official and customer services are informed but the same problems are still in vien.",5,2026-08-16 03:39:49,Bug,App Not Opening/Loading,,,,0,False
6dbc8c28-15b4-4eff-a117-2429b8542dbd,Ali Shakil,honestly speaking I didn't noticed any such uncompetitive application before such a trash and not reliable to use for your transaction you can not rely on this application to complete your transactions on time this application is a truly a mess and spoiled my daily transactions moreover when you'll be in need to make an important transaction this application abruptly goes to maintaining mode and this happens more then twice in a week recommended to everyone STOP USING this application ASAP,1,2026-08-16 01:30:51,Transaction,,Unspecified,,,0,False
9e2e0746-5c93-45e2-a2f7-3b496d79204d,Sonu Sheikh,very helpful,5,2026-08-16 01:01:31,Positive,,,,,0,False
28425e84-b6f5-4def-bcbd-44ced21e57cb,Arham Saleem,very user friendly app among all banking apps,5,2026-08-15 23:00:03,Positive,,,,,0,False
e7461042-93ce-4ca0-a410-a7811573dbe5,abid malik jaan,گڈ ورک,5,2026-08-15 21:06:12,Other,,,,,0,False
92954728-f7b4-4e43-bc7e-0c417f7be7cc,Muhammad Anas,excellent 👌👍,5,2026-08-15 19:59:43,Positive,,,,,0,False
101ebb6d-c826-4271-80bf-a79cc3fc51fb,Dani Mahar,nice service,5,2026-08-15 18:21:58,Positive,,,,,0,False
16d09e04-5b50-40cb-a638-507dc2e512d5,Muhammad Zahoor,very good app.,4,2026-08-15 18:03:28,Positive,,,,,0,False
f33e090e-f043-4d82-99d9-9295349f2922,sardar Jawad Chaudhary,good,5,2026-08-15 17:39:47,Positive,,,,,0,False
58304904-98c2-4458-9b6b-9f366ae933b3,Ayaz Baig,i like this,5,2026-08-15 17:26:15,Positive,,,,,0,False
1a8a76b2-f3d8-4a07-af39-ac62aeecdc71,Junaid Tariq,good,1,2026-08-15 16:43:20,Positive,,,,,0,False
f84b365e-21e6-4b85-8713-a20e25d2f8f8,Ali Hassan,fast service nice app no issue very well I really like and appreciate meezan bank love u,5,2026-08-15 16:21:33,Positive,,,,,0,False
d1f4b0f4-140a-4b92-912d-ada7488e9a01,Hammad Bro,app is tooo much slow,1,2026-08-15 15:28:16,UI/Design,,,UI Element Misalignment,,0,False
887d098d-9063-4950-803d-4892c2138bf0,Kashif Fiaz,please remove restrictions on screenshots it's sometimes become difficult,5,2026-08-15 15:05:24,Suggestion,,,,Restore Screenshot Feature,0,False
f4e965b9-6732-4b50-96eb-51ddb66f6714,Zain Kamboh,good👍,5,2026-08-15 15:00:41,Positive,,,,,0,False
e292ce03-a06f-4b45-8d86-5c7e3bd5df63,VaLeEd RaJpOoT,priceless...,4,2026-08-15 14:36:49,Positive,,,,,0,False
7ce1ddd5-b864-41a5-b0c8-6739397257fb,Ghulam Mujtaba,Rast Transaction limit may please be exceeded,5,2026-08-15 13:47:12,Suggestion,,,,Reduce Update Frequency,0,False
1c35760b-741f-446c-9a6d-bed762a52608,ajmal pervez,to bad service,1,2026-08-15 13:38:07,Other,,,,,0,False
9f354b7f-0467-4265-9319-fcf623b16d37,sadaf Hanif,Good 👍🏻,5,2026-08-15 12:22:19,Positive,,,,,0,False
ceef5abf-8e5f-4762-96b6-d8e836cf2d61,Sakhi,Meezan Bank Mobile app is too good on the other Meezan Internet banking means when I login in my browser their is any beneficiary are showing in meezan bank internet banking and thier is no option to add any beneficiary or direct transfer like UBL bank and MCB bank so I have request to Meezan bank for direct transfer facility on Meezan Internet banking.,1,2026-08-15 11:41:55,Suggestion,,,,Other Feature Request,0,False
75facbc5-f8dc-4f86-a7d1-643a8a6b6331,Armani Bhai,fast and reliable,5,2026-08-15 11:33:49,Positive,,,,,0,False
4ecf5250-c66b-4b31-8e94-a0534adedf08,Umer Khan,Doesn't work on a Samsung A57 phone. camera gets stuck on biometric verification,1,2026-08-15 11:21:27,Login,,,,,0,False
816b3cc5-3b2f-48a9-af16-cb17d90af908,M wakeel Wakeel,thank u 😊,5,2026-08-15 11:17:52,Positive,,,,,0,False
7467cacf-0451-488c-a4bf-1702fbe4db5e,Haris Khan,nice,5,2026-08-15 11:07:41,Positive,,,,,0,False
3f4dbffb-b8ee-4cbc-ab99-d0b19fe9ba06,Abeela Baloch,very much usefully,5,2026-08-15 11:04:40,Positive,,,,,0,False
2a10fc32-f1c1-473f-9fd2-a4c215feadd8,ZulfiQar ali,good response,5,2026-08-15 10:34:30,Positive,,,,,0,False
ded9e674-5990-4bac-8fcb-cb26e560c6dc,Shess Khan Afridi,very slow and unresponsive app,1,2026-08-15 10:12:45,UI/Design,,,Unspecified/General Complaint,,0,False
018e1896-6606-4fcd-acfa-f947290bbe55,Shergul,very bad service.on Payoneer withdrawals don't use this bank for withdrawal Payoneer se withdrawal ke ley jazzcash use krn as bank ko chor ke ke agr koi issues ata hy to udr se kud se hi jazzcash Waly solve kr daty hy ur adr complain krna prti hy ur us ke ley 7-10 days wait kro ur,1,2026-08-15 09:29:54,Suggestion,,,,Reduce Update Frequency,1,False
25a2718f-974c-4a45-9c04-49b1cfe46793,Shahroz Butt,very good,5,2026-08-15 09:27:48,Positive,,,,,0,False
0e62fc3a-e834-4040-823f-8d4f10194735,Khalid Khan,good 💯,1,2026-08-15 08:37:39,Positive,,,,,0,False
1e01dc8f-40dd-4cc6-a840-f5c82af189e0,Asim Khan,Meena good Nice 👍,5,2026-08-15 07:14:07,Positive,,,,,0,False
d4d6b2bc-8c9f-442d-b341-77d63de9b2e1,Talkwithsyed,there is very helpful app,5,2026-08-15 06:26:41,Positive,,,,,0,False
6ccb74dd-c329-4aa1-b25e-84b3394c12c8,Hassan Saleem,best app,5,2026-08-15 05:56:29,Positive,,,,,0,False
c4ba49a7-6e02-4b13-941b-20c17b4ad6f9,Muhammad kashif zafar,good,4,2026-08-15 05:15:27,Positive,,,,,0,False
02fbc2c5-88c6-4618-830e-9652f7491410,fida jamali786,nice app,5,2026-08-15 03:50:21,Positive,,,,,0,False
3033a142-499e-4556-8601-a6b0562d6e44,Mr Repair,good,5,2026-08-15 01:10:56,Positive,,,,,0,False
8a5ff318-4075-4e95-b363-1cf44024c7a2,SAFDAR ALI Khokhar,good experience,5,2026-08-14 21:14:28,Positive,,,,,0,False
331556e7-821d-4f65-b904-b40c8a1b0110,S-M- ghouri,👍👍👍very good,5,2026-08-14 20:04:34,Positive,,,,,0,False
23c5b24e-d2d0-4b80-bb80-38a5628afdfb,Sikandar Khan,I have been using the Meezan App for more than a year. I'm finally going to write an honest review. Meezan Bank is one of the best in fact Pakistan's best bank with great service. Fast app and simplest UI/UX. Love you guys.,4,2026-08-14 19:53:45,Positive,,,,,0,False
1428f25b-a184-4bd8-8025-2a4a9d0c4482,food panda,very nice 👍🏻,5,2026-08-14 16:39:45,Positive,,,,,0,False
7a7f0754-b5d5-4f84-9865-b3505fd4db1b,Amir Ali,Best App,4,2026-08-14 15:18:47,Positive,,,,,0,False
60e73edc-739d-4131-8e3b-07e6923f245f,Muhammad Hassan Rashid,"I have used many different banks, but Meezan Bank is definitely the best one I have experienced so far. The app is very smooth, fast, and easy to use, and the overall service is excellent. The staff is also cooperative and professional. There is still a little room for improvement, but honestly, I have not found any major issue with the bank. Overall, I really enjoy using Meezan Bank and would definitely recommend it.",5,2026-08-14 14:46:21,Positive,,,,,0,False
11e810fb-64a7-4ee3-ba32-52d89121faed,arshad mehar,ths app aror problem please solf this problem,1,2026-08-14 14:28:19,Bug,Unspecified,,,,0,False
5fdd8e2e-2cef-4d3c-ae2f-e5496ef309b0,Noman G,"Meezan Bank’s system is extremely poor and corrupt. My payment from April 30 is still stuck, and this is unacceptable. What kind of system are you running? Payments are neither being sent nor received, and without any prior notice, my transaction was put on hold. This is the worst banking experience I have ever had with Meezan Bank ..If the transaction on April 30 was suspicious, it should have been flagged and held at that time. How come you suddenly remembered five months later?",1,2026-08-14 09:20:36,Transaction,,Unspecified,,,2,False
de2a5dc8-08f9-4d65-be3f-b0b4e7fa20fa,arsalan shah313,I will use this app about 4 years this is very useful app for online banking 😊,5,2026-08-14 09:00:32,Positive,,,,,1,False
58418976-8990-4fa1-9504-e5c7d1e4673f,Abdullah Jutt,Great service,5,2026-08-14 08:50:40,Positive,,,,,0,False
b119c54b-5b50-4e90-8192-d0cfa00ba763,Sohail Baloch,good,5,2026-08-14 08:22:56,Positive,,,,,0,False
fbebdee9-c1d3-4f07-bc58-9c01a4bb3ddc,Abdu Rahman,good,5,2026-08-14 08:13:19,Positive,,,,,0,False
eea67bca-4b96-4125-8af1-9fdb7f3d418d,Sawera Saqib,good,5,2026-08-14 07:29:08,Positive,,,,,0,False
c92792ee-f667-41a7-9b65-69922bb01975,Mailkallhayarrbughtti Bughtti,good job 👍,5,2026-08-14 06:23:56,Positive,,,,,0,False
682e74c3-fb4e-46f6-b1b3-1ac8b8b2965f,Muhammad Danial Ibrahim,awesome 👍,5,2026-08-14 04:34:48,Positive,,,,,0,False
8de5ee09-814b-4ee7-9e42-a1929af52733,Taha Muhammad,"app is trash, nm to say lol",1,2026-08-14 02:57:14,UI/Design,,,UI Element Misalignment,,0,False
84ec6225-f42b-45fe-b633-6b3e2d947853,Mazloom Gill,please add Biometric verification Button like hbl and other banks.,5,2026-08-14 01:10:43,Suggestion,,,,Other Feature Request,0,False
059bcefe-fa47-4832-905c-ef9e67c9718b,Mair Saqib,"Good app with room for improvement Meezan Bank App is very simple and easy to use, but it could definitely use a modern UI refresh.The app is clean and straightforward, but it feels a bit outdated. Here are a few suggestions: Interface: Give the app a fresh look&feel. ​Add Dark Mode: Currently, only a light theme is available. Adding a dark mode option would be a huge upgrade for many users. ​Fix Glitches: There are occasional bugs and glitches that need to be resolved for a smoother experience.",3,2026-08-13 21:35:06,UI/Design,,,Modernize UI/Design,,0,False
b7079cb3-9c29-4728-bb77-ddde4f22197b,Shakeel Naqvi,"update to support fingerprint acanning in newer devices, galaxy a57",4,2026-08-13 21:12:03,Suggestion,,,,Other Feature Request,0,False
9469d80e-04cb-4506-af44-c97c62686d93,Munawer,"As a mobile developer, forcing users to completely turn off Developer Mode just to access banking services creates unnecessary friction. While security is crucial, app integrity can be validated without disrupting developer workflows. Please consider refining this check.",1,2026-08-13 18:46:09,Suggestion,,,,Other Feature Request,0,False
2344daae-3018-4826-a10c-1564741be43a,Abdul Basit,Amazing Service 👍,5,2026-08-13 16:53:19,Positive,,,,,0,False
cb97c05b-90fb-43dc-87a9-6485eeed61aa,Arham Shahzad,most pathetic banking app to ever exsist,1,2026-08-13 15:08:25,UI/Design,,,UI Element Misalignment,,0,False
0a08225b-af10-4df7-9df8-4c1251d4add3,Babar Babar,good 👍🏻👍🏻,5,2026-08-13 15:04:52,Positive,,,,,0,False
e9cc4d15-0b13-4b05-b0d1-61a6a7e4e220,Truth Lens,"very problematic App. Extremely disappointed with the Meezan Bank app. It is highly unreliable, slow, and frequently crashes during important transactions. I strongly advise everyone to avoid using this app. Due to this terrible digital banking experience, I have decided to close my Meezan Bank account permanently.",1,2026-08-13 15:02:32,Other,,,,,1,False
7bc2bfae-76d9-4a01-b329-5e309e3c6305,Afaq Ahmad,i have a very good experience with their banking system but their application is what pisses you off all the time. they have update in the morning and in the afternoon they have another one. slow application,1,2026-08-13 14:52:06,Other,,,,,0,False
1c289f36-9a0e-4048-8a11-ca932b3e70e2,Junaid Ahmed,Worst.,1,2026-08-13 14:33:43,Other,,,,,0,False
689917a2-e52b-4a99-b9e8-771ddfac7ec5,BEAUTY & DIY's,I faced difficulty when login it want all the steps of biometric verification which even at the time of registration all biometric verification was done,1,2026-08-13 14:17:08,Login,,,,,0,False
5e917bd1-efb5-43d3-8285-323e299237f3,Waris mangrio,very Fast App and Good facility,5,2026-08-13 14:05:16,Positive,,,,,0,False
42830351-bdbf-4fe1-ba02-842988e5f2e1,Muhammad Bilal,Need to improve.,1,2026-08-13 13:57:42,Other,,,,,0,False
a6f395a3-f1d8-4c02-a061-41eee01e4531,maaz ahmed dar g,very good,5,2026-08-13 13:37:26,Positive,,,,,0,False
3c87bee4-ab88-4250-b121-0f55b005fe8d,Ammad Khan,transfer issues han transfer hojata han other app ko par received nh hote plz ye masla hal kare,2,2026-08-13 13:29:36,Transaction,,Unspecified,,,0,False
0339a411-783b-40d8-a212-66189e16048a,Iqrar Ali Panhwar,mery pas Samsung A57 5g Mobile hai jis main Meezan Mobile App main bio matric pe ee ruk jata hy jab k doosri apps main bio matric horahi hy mera ye masla hal kar dain taaky mobile ki bio matric hojaye bohat pareshan hoon,5,2026-08-13 13:26:33,Other,,,,,0,False
9ed99a55-588c-4bb9-b823-e5f8d2aa3081,Ismail Khan,"I have been using meezan bank app, it was a great experience, I got a new phone but I'm not able to login in that phone, but it is still working on my old phone, what to do?",5,2026-08-13 13:02:25,Login,,,,,0,False
8f560e3c-6d5d-4fb9-a311-c53a2e59c7c9,AbdulGaffar Mp,screen shot allow,5,2026-08-13 11:59:06,Suggestion,,,,Other Feature Request,0,False
de79a8a9-4b6e-4956-b554-ba16960513cf,Rashid Minhas,bht zabardats app thanks meezan app,5,2026-08-13 10:49:26,Positive,,,,,0,False
a6c468ca-7316-4a4e-bcaf-b32e86cc5d0f,panda express,"As a student account holder, my experience with Meezan Bank is wonderful! Their transaction dispute handling is prompt and professional, and most of the staff is extremely nice and cooperative (with just a rare strict member here and there). I have two small, friendly suggestions: student visa discounts could be more generous, and the toll-free helpline should be for everyone, not just premium clients. With these small improvements, Meezan would be unbeatable! (updated with 5star as requested)",5,2026-08-13 10:11:14,Suggestion,,,,Other Feature Request,1,False
bb17621c-dc62-4d9b-8c19-3c8575d4886c,Captain Sufyan Ali,non-responsive Bank I send a email to meezan bank and they reply 1.5 months ago 🤔,1,2026-08-13 10:02:36,Support,,,,,1,False
79353f65-95f1-41d5-9b33-ff095ecb01af,Muhammad,i am using samsung A57 mobile . meezan bank app is not compititble with 8.5UI software . app is stucked/freezer while biometric verification.,2,2026-08-13 09:30:34,UI/Design,,,UI Element Misalignment,,0,False
5c885d55-57ba-45dc-9517-71a2a725e286,Ayesha Khan,good,5,2026-08-13 09:25:10,Positive,,,,,0,False
58fdc51a-93d8-4e68-ade0-fe734fc278a5,rashid munir,good,5,2026-08-13 07:55:40,Positive,,,,,0,False
842d8a46-94ce-4ded-bccd-58917bd4e9ed,Rana Amir Shahzad,good and fast,4,2026-08-13 07:40:03,Positive,,,,,0,False
523b5c36-1a02-4837-b72c-fe4d1d8043e6,Tehseel Dar,very good,5,2026-08-13 07:22:46,Positive,,,,,0,False
51a82abd-d531-457e-9614-115467e23cb4,malikshahzad ali,Soo nice,5,2026-08-13 06:23:18,Positive,,,,,0,False
bb2ccbab-6ebe-4823-9e9b-77bd264e7ae2,Raza Rasool,good,5,2026-08-13 06:21:56,Positive,,,,,0,False
7b25dba3-6843-4f7b-9be4-788e7074263d,Jiya Khan,nice app easy to use fast work im satisfied thnx meezan,5,2026-08-13 06:21:04,Positive,,,,,0,False
7904e986-46b1-4125-93e9-4495e7dd90d9,Hassan Qureshi,"for applying 6 lack loan so paper work and ""Islamic car ijarah scheme"" hidden terms and conditions interest rate included (fraud bank)",1,2026-08-13 06:06:50,Transaction,,Fees/Charges,,,0,False
1e19b5eb-3fea-409a-8f80-623d0a64416e,Hasnain Ali,very good and best app it's very fast and help 🌝🌝,5,2026-08-13 05:36:11,Positive,,,,,0,False
7e06455e-72f4-401e-9c15-694ce7a9926e,Aamir Ishrat,good,4,2026-08-13 04:34:23,Positive,,,,,0,False
5d32ab75-39f9-403a-9106-3b2a49632e0f,Unza,meezan bank app suddenly my account is not login,1,2026-08-12 23:54:21,Login,,,,,0,False
efa19f78-ce57-4c1b-9991-3f81870a2617,Malik Asad Khan,nice,5,2026-08-12 19:38:57,Positive,,,,,0,False
b1465a71-ab25-4603-b018-b6114a7439fb,Muzammal Afridi,the best app in bank,5,2026-08-12 19:33:10,Positive,,,,,0,False
df103d0a-830c-4b6f-9b15-971ef2698f63,Sardar Noman Rasheed,Excellent working,5,2026-08-12 19:10:57,Positive,,,,,0,False
3f49e71f-3612-4697-b1b1-883000d85d88,Mehr0z,best bnk,5,2026-08-12 18:09:31,Positive,,,,,0,False
bf9a494c-bb19-46e5-9d7c-4b0f86b7781a,Afzaal Ali,amazing app,5,2026-08-12 17:51:10,Positive,,,,,0,False
1441241c-446b-48a8-b4c9-45d57d040b6e,Dharmindar Narola,very good service,5,2026-08-12 16:45:36,Positive,,,,,0,False
622d08c2-0062-4cec-9f72-aa75304c5dbc,Moonlight,it's a good bank,1,2026-08-12 16:36:18,Positive,,,,,0,False
db37bf25-3cb4-41c1-ab58-447d19b825d6,Ahsan Rao,good,5,2026-08-12 14:52:46,Positive,,,,,0,False
b9957004-2e05-4973-8883-2e9cf74327f1,Mansoorminhas107 Mansoorminhas107,your customer service is very bad,1,2026-08-12 14:41:25,Other,,,,,0,False
e196ffda-50c5-4119-8bec-b83835601aaa,Hameed Khan,very Good,1,2026-08-12 14:33:39,Positive,,,,,0,False
f86e3333-4678-406c-8a9c-073d74420374,YASEEN QASIM,good,5,2026-08-12 14:20:04,Positive,,,,,0,False
0bdbd7d9-5b98-414a-980e-fdebe26db4b2,My personal Life,nice application,5,2026-08-12 14:19:07,Positive,,,,,0,False
4f13ad49-df4c-467c-9fab-08d49e9dc801,Muhammad Ahsan,"pathetic app, doesn't work half of the time.",1,2026-08-12 14:16:51,UI/Design,,,Unspecified/General Complaint,,0,False
9ff6a549-2513-45cc-92f2-479faa1eaa8f,adeen 17,the worst banking app. used to be so good. now it barely works and needs an update everytime i open the app even if its the same day. seriously considering just ending my account at this point.,1,2026-08-12 13:59:03,Other,,,,,1,False
477ce191-8a21-460b-a972-444252b8ce5b,NAVEED Khan,oxam,5,2026-08-12 13:46:07,Suggestion,,,,Other Feature Request,0,False
9f654318-2d91-4f19-9ac3-e8e8137de7bc,Asif Mahmood,Excellent service I am satisfied,5,2026-08-12 13:39:32,Positive,,,,,0,False
44a93648-10db-4610-aa31-57cfb20aab8d,Haqaiq Ki Talash Abdul Majid Anwar Kay Sath,Very good,5,2026-08-12 13:15:10,Positive,,,,,0,False
e6c26fd6-d265-4a70-8e48-854356589bde,muhammad arif,I am using this app since long time. very satisfied. trustworthy.,5,2026-08-12 12:45:53,Positive,,,,,0,False
009e38a4-f76d-4e62-b62b-537614d130bf,Muhib Ullah,nice,5,2026-08-12 11:57:55,Positive,,,,,0,False
c64c6c83-ecdb-4004-808a-209ece0a0448,Jaseem Agha,"I’ve been using Meezan Bank for a long time, and their service quality exceeds expectations. Recently visited the water pump branch—extremely smooth experience. Special thanks to [Staff Name] for resolving my query quickly. Staff is polite, environment is well-managed, and genuine Islamic banking principles are followed transparently. Highly recommended for reliable & ethical banking in Pakistan! 🌟",5,2026-08-12 11:28:07,Positive,,,,,1,False
d0d05f07-9405-4ac1-a566-6244304824a3,Sindh police Department,I like meezan Bank service,5,2026-08-12 10:15:40,Positive,,,,,0,False
423d69cf-1d2b-46de-942e-0a4a0479547d,Mr Waqas,kick out easypaisa app in raast option and send money to transfer easypaisa payments after not save costmer number,3,2026-08-12 09:39:51,Suggestion,,,,Reduce Update Frequency,0,False
9ce476b9-c564-4029-9daa-589e56a88358,Waqas Ishaq,it is very good digital banking app with best services.,5,2026-08-12 09:31:52,Positive,,,,,0,False
de5770c4-64eb-4a41-b9b8-f3a4ab58bacc,Arif Bilal,please saves our accounts from transaction hidden taxes,5,2026-08-12 08:25:33,Suggestion,,,,Other Feature Request,0,False
f22d3529-756e-47cf-8e80-4722da6e71a3,Abu Bakar,"I bought new Samsung a57, in biometric screen app freezes , easy paisa was done smoothly but meezan and pak identy freezes in biomatric screen , I've tried 100 times and also reset the mobile and reinstall the app nothing is working, alot of users of samung having same problem I've seen on voice of customer page , pls help 😢",3,2026-08-12 08:01:01,Bug,App Not Opening/Loading,,,,0,False
109c27f0-ab12-43ec-8b27-9128d574deb9,Anime Soul,I'm fully satisfied with the app I don't know how to explain it. I want to make a mbl account that the meezan bank makes it easy for me.,5,2026-08-12 07:33:25,Positive,,,,,0,False
89f52f28-3a2d-4a56-9af3-ad337be105d1,Muhammad Haris,Please make the Meezan Bank app fully compatible with Samsung's latest One UI 8.5. Fingerprint authentication currently causes the app to freeze on Samsung devices running One UI 8.5. Kindly investigate this compatibility issue and provide a fix in the upcoming update. Thank you.,1,2026-08-12 07:31:29,Login,,,,,0,False
0a95ede3-fdcc-4420-a398-f9f3db9243ea,Saith Waheed,it's faster and safe I love it,5,2026-08-12 07:17:11,Positive,,,,,0,False
3e60aafd-7278-48db-9d36-ef00c5908642,mohd sufyan,bast bhnk,5,2026-08-12 06:55:57,Other,,,,,0,False
3ff3a890-2d5a-496d-b68f-75c5a4224e52,Qurban Ali Attari,good app,5,2026-08-12 06:36:35,Positive,,,,,0,False
6226f929-4d5c-4a31-bca3-8dedf70e1e19,Tajammal Hussain,Assalamu Alaikum I have opened my account for two months now I have filed a complaint 6 times in these two months that I have not received the ATM card yet neither has anyone sent me an SMS nor called me and I have not been informed at any time. And it has been two months since I lost my account if you guys do not give me the ATM card then let me know I will open my account in some other bank and in this way my time will not be wasted. Thanks For Regards. Tajammal Hussa,1,2026-08-12 06:28:36,Suggestion,,,,Reduce Update Frequency,1,False
c24d788d-935e-4c3e-ba12-e0210e26a9f6,Tabish Ali,kindly please update its front end look . This UX/UI interface looks to old and unprofessional. Today UIs are too advance in look. Its look like design by a Junior developer.,2,2026-08-12 06:07:26,UI/Design,,,Modernize UI/Design,,0,False
c240480b-d489-4aa6-ba27-40b1daaba8c3,HT GAMING ZONE,"poor working, not trusted application, transaction reversed many times, unable to add beneficiary details, no response, transaction not done",1,2026-08-12 03:08:24,Transaction,,Card Management,,,0,False
af05b589-26e4-4c7d-b2a2-228940fef354,saghir ahmed,Very Nice 👍👍👍,5,2026-08-12 02:58:01,Positive,,,,,0,False
2aca82ec-d453-4084-a046-1f937141f4de,M Wasim,good 👍,5,2026-08-12 01:28:28,Positive,,,,,0,False
2d17f388-f8a5-4a83-aba1-c76cd67e8803,Fraz Virk,good,5,2026-08-11 23:16:38,Positive,,,,,0,False
c9e80647-f12e-4813-9bde-c5b3f6835606,Syed A.rehman,Pathetic app,2,2026-08-11 19:22:47,UI/Design,,,UI Element Misalignment,,0,False
869d2fed-f1e2-4d96-ba1a-82fc7a4ff478,Ghaus Amjad,"previous version of meezan bank app was way better. The one launched since new year sucks! full of bugs, delays and glitchs",1,2026-08-11 19:07:17,Bug,App Not Opening/Loading,,,,0,False
f9a06639-74f1-41b4-9500-8a8fa91d1cde,Muhammad Umar,The best bank of pnjab,5,2026-08-11 17:30:41,Positive,,,,,0,False
d864eb9f-0ca9-4e4a-aa43-bdea789d472a,Shoaib Mallah,excellent experience for payment,5,2026-08-11 17:26:27,Positive,,,,,0,False
7a14abf9-9674-4bf0-a1fb-e69c1ab88117,Shehzad Afridi,"outstanding banking,the behavior of bank staff is very good and helpful specially Bara branch district khyber KPK",5,2026-08-11 16:54:39,Positive,,,,,0,False
11fd5fc2-ed61-4d08-b0df-04ff48b34390,Mehreen Athar,such a bad experience...been trying to do biometric verification for past 3 days but it never takes picture..cancel button does work...the left right tabs dont work...they dont properly test before deploying these updates...,1,2026-08-11 16:43:41,Login,,,,,1,False
f13fc3fe-17d2-4780-baef-f03c4b4f92de,Fahad Ali Faridi,Good Experience,5,2026-08-11 16:32:28,Positive,,,,,0,False
24205ca1-5d80-49e1-874e-1520a7fd9090,muhammad usama,"The new update or the current update is worse. EasyPaisa is missing sometimes, and sometimes banks don't show.",1,2026-08-11 15:58:23,UI/Design,,,Redesign to Look More Bank-like,,0,False
c8c6e4bc-ba8d-4e54-a81e-d5ce9f6b5575,Khadijah Khan,gud,5,2026-08-11 15:26:13,Other,,,,,0,False
9ff19e41-ea50-4c29-a38e-a47eaee5ad38,HafizShamas Shamas,good,5,2026-08-11 14:41:29,Positive,,,,,0,False
4629bee4-f114-4bfd-8b41-7fcf8c7650d0,Muzammil Shahid,v nice,5,2026-08-11 14:19:48,Positive,,,,,0,False
89bc73a8-c643-4cce-8f12-1fdbe5ea13c9,Dipika Dipi,good app good,5,2026-08-11 14:08:24,Positive,,,,,0,False
d3d13865-78f0-4b56-95c9-7ce04f953996,KINZA KHAN,amazing,5,2026-08-11 12:32:47,Positive,,,,,0,False
929cbe48-ced6-4133-a944-95784713e8c7,Sulman Raza,nice aap,5,2026-08-11 11:45:03,Positive,,,,,0,False
ee51c958-ba11-4ea2-b1d5-c02e4cc97785,Babar Ali,good,5,2026-08-11 11:23:25,Positive,,,,,0,False
a7443f78-c198-4cea-a560-5c0a144c99ce,Abdul Rehman,very good,5,2026-08-11 11:11:24,Positive,,,,,0,False
e57c0191-5651-444d-9dfa-99abee781588,Waqar Jadoon,fast and easy 👌,5,2026-08-11 10:57:40,Positive,,,,,0,False
918d3efa-f00b-4886-a94e-ef6a56709000,AYAZ 46,"There is no option for biomatric in app for issuing, and apply for check book. and they are asking for biomatric in branch.",1,2026-08-11 08:55:33,Suggestion,,,,Other Feature Request,0,False
3f83f4d5-40b9-4d79-81c3-b97314cd4117,Aima Butt,good,5,2026-08-11 07:55:20,Positive,,,,,0,False
9fe00f78-42e7-4108-a45b-07706bcff568,Zaman Watto,nice 🙂,5,2026-08-11 07:00:47,Positive,,,,,0,False
e35cdf4e-cf68-4b0f-9b3f-41715739a5ff,Saira Karishma,good,5,2026-08-11 05:40:18,Positive,,,,,0,False
1d965854-8b98-458f-9b6c-c11cfcc4478b,Mairaj Ahmed jatoi Mairaj AhmedJatoi,nice,5,2026-08-11 04:44:56,Positive,,,,,0,False
3fc52fc1-5b24-4b33-8d10-09d10a884028,Bashrt Khan,best,3,2026-08-11 04:41:23,Positive,,,,,0,False
107da93f-3aeb-4100-a8a4-39b4a4b5b4cf,Mumtaz Khan Tanoli,👍,5,2026-08-11 02:04:22,Suggestion,,,,Other Feature Request,0,False
8e4351bc-1ea5-4558-9776-a30261a3dd96,Abdul Raheem,Good,5,2026-08-11 01:09:38,Positive,,,,,0,False
2bfc4690-b71c-44d0-8c84-aa281ae0fd30,Sanno480 Sanno480,nice,5,2026-08-10 23:36:22,Positive,,,,,0,False
f9631803-c71c-4555-a89f-5b2941dabf7c,Muhammad Awais,well done 👍🏻,5,2026-08-10 19:39:46,Positive,,,,,0,False
579b4caf-cf90-4a1f-b3e0-f526fb0f6f52,Shifaat I.,Response to Meezan: That is such an ignorant reply. This app is now less secure because of your decision to ban password managers. Revert that decision asap.... Review: They keep getting worse with every passing day. Now they have completely banned the use of password managers. I expect their next step to be the complete shutdown of their app and force everyone to visit their branch for every transaction. seriously considering changing banks,1,2026-08-10 18:29:52,Security,,,,,1,False
ef3670da-051a-4649-80a9-b6cb50fdefde,Ghafoor Abdul,👍,5,2026-08-10 17:14:38,Suggestion,,,,Other Feature Request,0,False
bc7aa135-dd52-4385-b778-e73a81837297,Haider Mehmood,what happened to meezan bank. I received amount from my easypaisa wallet but I didn't receive into my bank account. if I transfer money to easypaisa it's not work what nonsense. that's why I give 1 star. very bad experience from my side. no helpline number. that I contact to and registered my complain that these only showing for helping line 331/332 and when I am calling this number he said for ATM issue card issue there have no any other option to contact to operator directly. where,1,2026-08-10 15:36:09,Transaction,,IBFT,,,0,False
82d573c3-87aa-4c80-a35f-df5385294c84,Raja Shehbaz,good,1,2026-08-10 15:33:30,Positive,,,,,0,False
e85e29f5-6918-4f5f-8659-6b98a08fe446,Waheed Baig,good 👍,5,2026-08-10 15:32:35,Positive,,,,,0,False
3835ba61-3469-4840-b4a4-9748197840cb,Sanwal Ayyub,it doesn't take my finger print sometimes,1,2026-08-10 14:48:14,Login,,,,,0,False
9fcfd489-7e0b-4b8c-a16c-d23d4f55507d,Usman,Very Bad Helpline service,1,2026-08-10 13:43:34,Support,,,,,0,False
8a769fdd-4d58-478c-bec4-0871ad547d20,SHAKEEL KHAN,excellent,5,2026-08-10 13:41:41,Positive,,,,,0,False
40ae5543-0181-4767-bdd4-fb5330e5c9c8,M Tayyab Rahim Khan,last update is frustrating none of payment transfer is working even after multiple attempts transfer gives error that system cannot process request,1,2026-08-10 13:33:10,Transaction,,Fees/Charges,,,1,False
d556bb1c-6c7d-42e4-ac40-233757a48141,Naveed khan,good,5,2026-08-10 13:29:14,Positive,,,,,0,False
e61d220d-4ba3-42f0-a787-c1054c028e85,Asad Ahmed tarin,too many startup issue always recieve their is an issue with your app on startup and randomly.once in 20.or 30 tries it works i dont know how to solve it,1,2026-08-10 13:28:13,Other,,,,,0,False
53358654-f75c-493a-a275-8f4d2cba1782,Ramesh Kumar,super,5,2026-08-10 12:23:42,Positive,,,,,0,False
dc90379e-a94c-472e-8265-25476164dd4b,Syed Fahad Gillani,good service,5,2026-08-10 12:18:42,Positive,,,,,0,False
5a5a9b4e-034f-46c9-a583-01ef4e29b613,Mr Nawaz,good luck,5,2026-08-10 10:10:26,Positive,,,,,0,False
7b0d5391-bc0f-41ee-814a-bf9dbef6450a,Fasi Ktk,one of the useless always stucked bapance if you transfer money from any wallet to meezan it will stucked for hour and 2 and if u transfer money from meezan to any other wallet it will stuck for a 24 hours and half a day u will pray for meezan app to open perfectly,1,2026-08-10 10:07:33,Transaction,,Unspecified,,,0,False
3e6cfaf3-40f9-48ae-bf4d-236de3b4fe5b,Ali Asghar,You guys didn't even notify me and charged three thousand rupees 3000 from my account for card payment. Refund it to this account immediately. I am really disappointed about you refund my payment,1,2026-08-10 09:46:00,Suggestion,,,,Other Feature Request,0,False
26a1730c-c43f-49bf-848d-3e671951f61e,Umar Farooq,Very Very good app easy to use app,5,2026-08-10 09:39:05,Positive,,,,,0,False
48841a6b-1ff0-477d-9dd3-038be6f281a6,Tasneem Hayat,very good,5,2026-08-10 08:54:57,Positive,,,,,0,False
03d4af37-0967-4527-a2a8-832f55f6e76f,Aziz Gul,good banking service,5,2026-08-10 08:03:49,Positive,,,,,0,False
f20dfc6c-b16d-4850-8d7d-c232f3209125,Sharjeel Majeed,I'm facing a login issue whenever I enter my password it shows incorrect password although my password is correct.,3,2026-08-10 07:38:45,Login,,,,,0,False
ad7c72e1-ab6f-41fe-bea9-e8468b52ad6e,Hamza Riaz,good,5,2026-08-10 07:19:46,Positive,,,,,0,False
f75e61d5-2830-4d54-970d-c7ed38416387,Sahil Khan,它们是非常好的银行。,5,2026-08-10 06:20:06,Suggestion,,,,Other Feature Request,0,False
9e9f9358-2c9a-4f75-a029-9af736b42402,Asad Ur Rehman,"Taza taza experience acha hai , baad ka koi pata nhi",4,2026-08-10 06:08:01,Other,,,,,0,False
abc8994b-91b1-4fb3-ae49-2ec40a9b9552,Nisar Ahmad Sialvi,very good,5,2026-08-10 06:03:03,Positive,,,,,0,False
8c71b759-a581-4fa4-9cfa-8fd9af235db2,Muhammed Tayyab,"I’m entering the correct password, but it still gets blocked. I’ve had to reset it several times and this keeps happening. I use other banking apps as well but I’ve never had this issue with them. This app has been really frustrating",1,2026-08-10 05:43:01,Other,,,,,1,False
7c6b58cc-aa90-4f47-8044-5a9853282723,Abdullah Jutt,good,1,2026-08-10 04:27:03,Positive,,,,,0,False
70be21ac-44eb-4c67-910a-4aba2b439ac0,Husnain Shabir,great quick and fast easy to use,5,2026-08-10 04:25:19,Positive,,,,,0,False
774f0ac7-5d0a-4cec-bf4f-890c5809db6d,Abdul Ghani,The best acaont of the mezan b,5,2026-08-10 04:01:20,Positive,,,,,0,False
b99cb67d-9629-48da-ae8f-341fd3faab81,Shezad Khan,"Opening an account through the Meezan Digital app has been a extremely frustrating experience. Despite having valid credentials and no issues with my CNIC, I have been facing continuous hassles. The customer service coordination is appalling—the call center agents direct me to visit a physical branch, while the branch staff tell me to deal with the call center. Neither side is willing to resolve the issue or take ownership. A bank should fix its own system glitches instead of dragging customers",1,2026-08-10 03:33:17,Bug,App Not Opening/Loading,,,,2,True
82c883aa-34e4-474a-b65a-79cc6ffa40ac,Mian Farman Ali Shah,Ma'Sha'Allah,5,2026-08-10 01:41:37,Suggestion,,,,Other Feature Request,0,False
e5c70a69-f142-46b3-95fa-0a28b1fec443,Kaleem Rajpoot,good 🤗,5,2026-08-10 00:06:08,Positive,,,,,0,False
704b9ff3-d686-407f-825e-79d69dee961b,Syedairzisha,♥️,2,2026-08-09 21:51:35,Positive,,,,,0,False
9f4937f1-b96d-4443-8ef1-ecd9c5ce3753,M Shahbaz,good meezan Bank,5,2026-08-09 20:09:41,Positive,,,,,0,False
53f2c6e3-c59c-4798-b2b1-24ea4a84095a,Usman Rasheed,"​Meezan Bank’s digital service is extremely disappointing. I attempted a mobile top-up through the Meezan mobile app; the amount was deducted from my account immediately, but I never received the load on my mobile number. ​Deducting money without delivering the service shows a severe flaw in their system and causes unnecessary frustration. Meezan Bank urgently needs to improve its app reliability and transaction processing. I demand an immediate refund of my deducted amount!",1,2026-08-09 20:00:50,Transaction,,Wallet/Bill Transfer,,,1,False
53441fd2-7ec4-4ca5-b4f2-4ca647cddfdb,Muhammad Ilyas,excellent service,5,2026-08-09 18:55:08,Positive,,,,,0,False
deeb7dde-05c4-4af4-91a5-194a1229ebca,Ahmed Ali Khan,Easy to use App,5,2026-08-09 18:25:30,Positive,,,,,0,False
010cfd8d-07e0-4a0c-a1a2-cd8a11e6843e,Kabeer Ahmad,Love you,5,2026-08-09 18:24:54,Positive,,,,,0,False
66b2fe2b-26c4-4f60-9108-8afc4bd03705,Iqrar Rao,good,5,2026-08-09 17:44:42,Positive,,,,,0,False
02f4fcd1-98b6-4ea6-afd0-ed51ffca472e,Bilal Mughal333,very fast,5,2026-08-09 16:09:41,Suggestion,,,,Restore Screenshot Feature,0,False
624dd2e0-8836-4f1d-b9c9-b097d3bf4325,Wasi Bangash,best,5,2026-08-09 12:56:22,Positive,,,,,0,False
964e8831-12a5-4155-9294-2dc95d5eada8,shahnawaz hussain,excellent job. meezan bank thank you,5,2026-08-09 12:34:04,Positive,,,,,0,False
d91a1aaf-ebc7-44ee-aa5e-f93e26acab21,Ameer Hassan,really good app,5,2026-08-09 10:10:44,Positive,,,,,0,False
68fae344-266d-478a-b39f-93930378fe3c,Muhammad Mamoor Khan,why would you not let me use password managers. why do you actively want to downgrade my password security?,1,2026-08-09 09:56:07,Security,,,,,0,False
94b1d3d1-f5e5-4193-bbc8-b16f3735507b,Ahmed Gondal,"Subject: Suggestion for Improving the Meezan Bank Mobile App Assalam-o-Alaikum, Meezan Bank ki services bohat achi hain aur main in se mutmaeen hoon. Lekin meri ek guzarish hai ke Meezan Bank Mobile App ka design aur user interface kaafi purana mehsoos hota hai. Baraye meherbani app ka interface aur design modern aur user-friendly banaya jaye, taake customers ko behtar experience mil sake. Mujhe yaqeen hai ke is tabdeeli se bohat se users ko faida hoga. Aap ke waqt aur tawajjo ka bohat shukr",5,2026-08-09 09:36:08,UI/Design,,,Modernize UI/Design,,0,False
0c1beeb4-49cd-4c33-b1cc-77b79e4f3709,asif hussain,"I am extremely dissatisfied with the bank’s service. My ATM card was sent by the bank to the wrong address, due to which I have still not received my card. This is a clear case of negligence and incompetence on the part of the bank. According to the tracking details provided to me, my ATM card was received by someone else. The bank should immediately investigate this matter, take action against the responsible persons, and ensure that my ATM card is safely delivered to my correct address.",1,2026-08-09 08:45:14,Other,,,,,1,False
caa08b02-5b71-46da-bedd-6c92d8eba859,Muhammad Rizwan,بہترین ایپ,5,2026-08-09 08:33:15,Other,,,,,0,False
a7c08014-c6f9-4651-bef2-4115d5a40330,Aftab Hussain,good app,5,2026-08-09 07:34:40,Positive,,,,,0,False
5392012b-7232-48d4-81d4-73e3bef166a2,Subhan Ahmed,"⭐⭐⭐⭐⭐ Meezan Bank ka experience overall bohat acha raha. Staff cooperative hai, banking services convenient hain aur mobile app bhi kaafi useful hai. Islamic banking ki wajah se bhi ye ek achi choice hai.",5,2026-08-09 06:52:09,Positive,,,,,0,False
cdb0f066-a056-4a3b-939a-13f868248ec8,Malik Noman,With the latest update I can't open the app. It says for added security enable your phones built in accessibility mode but when opening settings nothing happens. The app is stuck and it's so frustrating.,1,2026-08-09 02:27:41,Suggestion,,,,Other Feature Request,1,False
2ac434de-c073-4756-bc2d-4fcdda24c31d,میرا گارڈن,بہت بہترین ہے,5,2026-08-09 01:28:55,Other,,,,,0,False
7976d8fe-223b-4c4c-94ea-25afce80fa60,Adan Malik,I am sharing my personal experience plz don't make an account in meezan bank. mostly mobile apps are not working.i really disappointed with meezan bank online services. I have to make it right now the urgent payment but guess what app is not opening.,1,2026-08-09 01:05:14,Transaction,,Unspecified,,,0,False
fe97392c-1d9d-4856-9ff6-f111c93589ec,Aftab khan,every time the app is on maintenance every single time when I need the app is on maintenance very disappointed with meezan bank application,1,2026-08-08 21:46:06,Bug,Force-Update Loop,,,,0,False
b50375be-ffe1-4d10-99ec-1a4b34d34fad,Nawaz Jaan,plz open screen shot option how can i transaction prove send another one,1,2026-08-08 17:31:33,Suggestion,,,,Other Feature Request,0,False
cf9abbb6-67d5-49d5-b581-bdd6047a245e,Shaheer,Raqami is better choice I recommmed everone reading this 💯,1,2026-08-08 16:55:28,Suggestion,,,,Other Feature Request,0,False
a05ffe65-2dc2-4c0e-aa7c-1eef82289e05,Zahoor khan Khan,good,5,2026-08-08 16:27:16,Positive,,,,,0,False
59804ef5-0007-4271-9c1b-a666f6f43815,M Irfan,nice👍,3,2026-08-08 16:11:49,Positive,,,,,0,False
914d8675-551f-460c-a369-0d4204fd3459,Nawaz Mufti Tax & Accounting Consultant (RAJA Gul Zuhrab),beat app,5,2026-08-08 15:56:06,Bug,App Not Opening/Loading,,,,0,False
e451f801-ce1f-4b20-a0dc-0fc95eed0e8c,Muhammad Hammad,good,5,2026-08-08 14:39:09,Positive,,,,,0,False
a33e705a-edf7-4b26-961c-58dc0d670378,Ali Raza,Some time app is stuck and doesn't work properly,1,2026-08-08 13:22:19,Bug,App Not Opening/Loading,,,,0,False
e9e77d38-ed0f-4123-a87e-a076940949fa,asif ali,best,5,2026-08-08 12:02:43,Positive,,,,,0,False
1f23aee6-b14e-4823-b745-a24d0e7f6e55,QAMAR U DDIN TUNIO,"some time showing Error when send money to jazzcash, easypasa except added account.",2,2026-08-08 11:22:35,Transaction,,IBFT,,,0,False
c600c028-7b2c-47de-9927-db684b62cc76,Zaib,good app,5,2026-08-08 10:13:30,Positive,,,,,0,False
c4b2a3f3-707f-4d69-97f1-372adcb484dc,Zaigham Malik,"Fantastic app, I have a beautiful experience since 2019",5,2026-08-08 09:40:21,Positive,,,,,0,False
61112b41-f06b-483d-9bdf-496ad1d9fece,M arslan Sajid,good,5,2026-08-08 09:09:15,Positive,,,,,0,False
11558c29-a0d7-4722-9b9d-1cc49985bfd9,Mishi Khan,excellent,5,2026-08-08 08:26:25,Positive,,,,,0,False
feb3c79c-6c0f-455d-81b2-373760f389bb,Jamshaid Surgico,thank you,5,2026-08-08 08:16:35,Positive,,,,,0,False
24382528-ef72-489d-ae48-58a6c0229abe,Hadiqa MaLyk,improved and easy to use,4,2026-08-08 08:16:26,Positive,,,,,0,False
1cff947a-30d2-4181-a901-de5d0f15e214,Rayed Shahbaz,"Whenever I open the app, it asks for an update. I don't know what the issue is with this.",2,2026-08-08 08:11:42,Other,,,,,0,False
a4969dd4-9b48-4cf3-99e7-26896977345a,Zidi Queen,Nice,1,2026-08-08 08:04:35,Positive,,,,,0,False
2c3a058f-f498-4231-a91d-32a09135176e,Sadaqat Awan,Wow so fast mobile bank working,5,2026-08-08 08:03:17,Positive,,,,,0,False
e257069c-5da4-4fec-9c62-7277780f22cd,Rajput Finger,very good working experience this app,5,2026-08-08 07:44:56,Positive,,,,,0,False
af65c6d7-f712-40af-bc81-4a43ed4f2797,Ali Sheikh,good,5,2026-08-08 07:20:46,Positive,,,,,0,False
4f7206df-7e25-4c06-b13c-008136747d85,Sanaa,👎👎👎,1,2026-08-08 05:49:39,Positive,,,,,0,False
364f5fc9-fbe4-40ee-bdd0-724d24754ffe,A Google user,"it's a very good app, but one feature is needed: T-pin",5,2026-08-08 04:33:19,Suggestion,,,,Reduce Update Frequency,0,False
25a8a13b-c235-4de8-82c4-983a48c86909,Waseem Sayer,very good,5,2026-08-08 02:39:35,Positive,,,,,0,False
892c1309-cba8-4264-b6ee-68c5dda60f5f,Asghar Khan,nice,5,2026-08-07 23:21:05,Positive,,,,,0,False
99b77d19-374a-4c55-80a3-4b061f3519b1,Zia Mohiuddin,"Its having bugs after updates, please fix it ASAP.",1,2026-08-07 22:00:42,Suggestion,,,,Other Feature Request,0,False
42e84ba0-78ef-4428-8fc3-dd7e4602e2de,Mazhar Ali,Cool 😎,4,2026-08-07 20:14:15,Positive,,,,,0,False
439a04f0-9f4b-4c01-9574-ee5681d62ef5,Muhammad Waqar Babar,Level ha is bank ka,5,2026-08-07 18:32:22,Transaction,,Fees/Charges,,,0,False
4bae10af-8838-4b13-94c6-1373ec05c0f4,Ghazanfar Ali,ye app bhot nice hai,5,2026-08-07 17:50:07,Positive,,,,,0,False
24fb5f7a-07e4-414a-a474-d3e4bb35686e,SYED KHAN,good,5,2026-08-07 17:38:16,Positive,,,,,0,False
af7eb0d8-9712-463d-8c6d-b3ce0ea9777f,Nwaz Khalid,Good 👍,5,2026-08-07 16:06:47,Positive,,,,,0,False
318e63e4-8eca-4943-9b5e-ddb54597fe8c,Hussain Ali,great app,5,2026-08-07 16:05:40,Positive,,,,,0,False
9edfa0c1-1ed4-4440-b8b3-1f26c8da2246,Jahangeer Bugti,very good app for,5,2026-08-07 15:20:12,Positive,,,,,0,False
bd61edfd-9b29-4e16-b9c5-ccfd6e1d5485,Farooq Shah AR,super,5,2026-08-07 13:53:55,Positive,,,,,0,False
e6c1644c-890a-4437-8e2b-21e572472233,Noman Mughal,good 👍,5,2026-08-07 13:15:51,Positive,,,,,0,False
65348331-aaf9-4fa7-8a9f-78e301c120a4,Syed Anwer Qadri,"The most pathetic application on my mobile, every update makes it worse, using in compulsion only.",1,2026-08-07 13:14:39,UI/Design,,,UI Element Misalignment,,0,False
0d833fe3-8a13-4a18-b370-5980fcdbebae,Urooj Arif,why it is not working. every time I need to transfer funds it is not working. I tried to uninstall and reinstall but the issue is same. it is happening often more. it was one of the best app to transfer funds but now it is competing for worst.,1,2026-08-07 13:06:47,Other,,,,,0,False
a653e3ef-1773-4bc6-80fb-baeea870466b,Babar Khan,app ka main meno show ni ho rha side ky foucnion show ho rhy hai,3,2026-08-07 12:36:57,Other,,,,,0,False
1e45ade0-44b5-4f5c-9fc1-a5991b9b3162,Muhammad Naeem,good,1,2026-08-07 12:05:45,Positive,,,,,0,False
fbd20411-ecf3-46ad-8a0a-0b1652fbd1cc,Waqas Vicky,so nice,5,2026-08-07 11:32:56,Positive,,,,,0,False
c2780750-4551-4452-80ab-d0ad0102dfa0,Hafiz Abdul Rahman,Nice and easy to use user friendly banking app.,5,2026-08-07 11:31:33,Positive,,,,,0,False
05f2664d-50a5-472f-b484-fa249df40ff0,Hamza Malik,"This has to be one of the worst banking apps I've ever used. Almost every time I try to transfer funds, pay utility bills, or buy a mobile package, it fails or freezes. Sometimes it even deducts the money without completing the transaction. A banking app should handle basic tasks reliably. If it can't, it's better to take it offline until these issues are properly fixed.",1,2026-08-07 11:27:25,Transaction,,Wallet/Bill Transfer,,,0,False
7a40e97d-712b-4411-8dfb-bb33223a043b,Arsalan Kundian,🤗🤗,5,2026-08-07 10:41:44,Other,,,,,0,False
4a4af266-d3d0-4b79-b130-3f591e4b0d9f,Ayyan Ali,"Meezan Bank app provides good services and a smooth banking experience. I would suggest adding a ""Purpose of Payment"" or transaction comment option during transfers, as available in many other banking apps. This feature would help users mention payment details and make transaction tracking easier for both sender and receiver. Overall, a reliable and user-friendly banking app.",4,2026-08-07 10:31:26,Suggestion,,,,Other Feature Request,0,False
9c9cc85c-88ce-40b0-bdb2-8d0b60c56a51,Mehrban Ali,nice,5,2026-08-07 10:15:34,Positive,,,,,0,False
f4496a86-41b9-4faf-8ce7-83fe6c00fb23,Awais Saeed,very bad service,1,2026-08-07 09:21:42,Other,,,,,0,False
725d70e8-ebeb-4dc5-922a-c1f194777c53,Sohaib Ur Rehman Khan,please enabled dark theme,5,2026-08-07 08:53:14,Suggestion,,,,Add Dark Mode,0,False
160caab6-8702-4fff-8861-5cc04fbdc0a1,Mian Dawood Saeed Chawan,"I used the meezan Mobiles app. This use is a friendly, secure app. This is a very grateful app",5,2026-08-07 08:00:34,Positive,,,,,0,False
1fa5e9a8-2f24-4e0d-b858-c074f536271d,Imtiaz lodhi,"Excellent Service I had a great experience with Meezan Bank. The staff is professional, friendly, and always ready to help. Transactions are fast, the mobile banking app is easy to use, and the overall service is reliable. Highly recommended for anyone looking for a trustworthy Islamic bank.",5,2026-08-07 07:47:11,Positive,,,,,0,False
be96faae-a29f-4f74-a83e-6df8db6d2649,Ghulam Rasool,good 👍,5,2026-08-07 07:18:01,Positive,,,,,0,False
be75248c-10b5-4a6d-95aa-a4cb6bfc7179,Ishaq Shah,"Thank you Meezan, For this quick service. Please restore the screenshot feature. Thank you.",5,2026-08-07 07:06:13,Suggestion,,,,Restore Screenshot Feature,0,False
78ca3d0c-1c40-41a9-a1f3-23cb2c4ab59e,Anonymous Avanger,"The app experience is pathetic. It crashes on android 10, 11 and even on 12 and 13 on some Xiaomi devices when scan cnic during registration. Furthermore , in case of 2 bank accounts there's an option to unlink any of the accounts. But if we unlink the one then it throws some weird exception. fix it asap",1,2026-08-07 05:40:27,Bug,App Not Opening/Loading,,,,0,False
e9b1b40f-67ec-4ecd-883b-f176a8e0d701,Kingkhn,good👍👍👍👍👍👍👍👍👍👍,5,2026-08-07 04:57:00,Positive,,,,,0,False
ef64e8fa-e468-4538-b9d0-c0df52a83e01,Ijaz Ijaz sumra,Nice nice,5,2026-08-07 01:26:37,Positive,,,,,0,False
2bbfdfa9-94b1-4e4f-a1aa-2c3605ab8802,Hamid Basit,very good,5,2026-08-06 23:31:12,Positive,,,,,0,False
7c35e6be-7863-4b62-8cf9-d500b553f2b5,Muhammad Tazeem,otp issues,3,2026-08-06 21:08:54,Other,,,,,0,False
bfb18b23-0148-42e3-bd95-86f336fb31cd,Muhammad Abdul Wadood Afzal,"pathetic user experience, outrage any time",1,2026-08-06 21:07:24,UI/Design,,,Unspecified/General Complaint,,0,False
0915dc3b-6905-4f06-978c-5c0790000957,Hadnain Khan302,bahut acchi app hai,5,2026-08-06 20:48:43,Other,,,,,0,False
77e6a406-397d-4692-af32-e323eef86d8a,Muneeb Crickets,kia chutyapa hai yaar Tum logon ka call banking mai 2 din sa call kar raha hoon debit card activation karwani hai call hi nahi lag kar de rahi jab call milao call pr numainda busy hai tumhara ajeeb pagal ka bachon kia tamasha lagaya hoa hai yaar Tum logon ne,1,2026-08-06 20:18:38,Transaction,,Fees/Charges,,,0,False
49f46872-82d9-4c78-a2e8-051e523d2c1d,Innocent Jingoist,"pathatic service. I have been unable to log into my mobile app since Nov, 2025. multiple complaints lodged but no response. worst banking service of Pakistan.",1,2026-08-06 19:33:26,Login,,,,,0,False
a5d02b1d-c525-4665-9cab-d94b8c79d7c7,King Faique,very bad app experience,1,2026-08-06 19:18:41,UI/Design,,,Unspecified/General Complaint,,0,False
57fb8c14-70e8-439e-afd3-6484f4cfc864,omar butt,excellent,5,2026-08-06 18:20:52,Positive,,,,,0,False
d018b643-1ae9-493b-946a-50c6edd33091,Faisal Riaz,very good,5,2026-08-06 17:25:16,Positive,,,,,0,False
bf5e7378-9f99-4eba-8b8f-df71d17a875e,Arshad Javed,very appreciate app,4,2026-08-06 17:09:06,Positive,,,,,0,False
0a582d06-0a94-4fae-99dd-6c8347915fbd,Moiz Asif,perfect,5,2026-08-06 16:43:50,Positive,,,,,0,False
8ab73826-8a93-499a-a31a-5853720a407b,Muhammad Zuhaib,very Good,5,2026-08-06 14:51:07,Positive,,,,,0,False
33dbe1b1-3ba1-42b3-8054-c83063102112,aleem akhter,it's amazing meezan bank application,5,2026-08-06 14:47:10,Suggestion,,,,Add Loan Feature,0,False
f2a4a2f9-2f70-4af1-a395-a7cedcffb621,Rana Ayoub,nice aapp,5,2026-08-06 13:37:03,Positive,,,,,0,False
727d3855-0f6c-4f70-a88a-4cc1ebf9f4bb,Umair Aftab,This app is not a good working,1,2026-08-06 12:18:13,Bug,Unspecified,,,,0,False
f4e5e9fc-febc-4237-a24d-fa462ca2f2d2,Hammad Ali,App Server Slow but Transacition is Good.,5,2026-08-06 11:16:56,UI/Design,,,UI Element Misalignment,,0,False
123ffe9c-8392-488e-86cc-4b206eebb002,Malik Abdul Aziz khokhar,very nice,1,2026-08-06 11:08:27,Positive,,,,,0,False
a0daf874-b01e-418f-8897-2e097487c5c4,Hira Naeem,Excellent 👍,5,2026-08-06 10:19:36,Positive,,,,,0,False
607ef9bb-0b69-4781-b52f-17ceda669c11,Saad Ahmed,v good Service,5,2026-08-06 08:58:19,Positive,,,,,0,False
268270e4-6ad9-4c26-b8b1-a8334743b178,Nayyer Abbas,good,4,2026-08-06 08:57:35,Positive,,,,,0,False
c5546b61-7f40-4a01-bbaa-70517f9f6b8d,cityway 1,In updated version no properly log off option while clicking on top right power button directly it switch off app with out asking anything else.,3,2026-08-06 08:12:01,UI/Design,,,Missing Proper Logout Option,,0,False
706aa446-2e27-4d6e-a518-ef44ba06474f,Hussnain Muavia,good way of money saving or transfer ❤️,5,2026-08-06 08:02:01,Positive,,,,,0,False
e79d3d3e-89d5-4a25-b813-4a54261b3894,rabia riaz,application doesn't work properly,3,2026-08-06 07:42:48,Bug,App Not Opening/Loading,,,,0,False
20f42459-eae7-4469-886f-ac7939440719,DARK LORD,the app has an issue now after last update the side menu overlay does not go away take half the screen rendering the app useless kindly fix it this issue was not before the issue is still unresolved,1,2026-08-06 07:41:00,Bug,Menu/Navigation Stuck (UI Freeze),,,,0,False
6fabd668-02eb-4434-910b-114b54109356,Faisal Ahmed,nice app,5,2026-08-06 06:57:08,Positive,,,,,0,False
a72b0685-c80f-47c2-87fc-e4bad5f280db,HASEEB ARIF,"Alhmdullilah, Having great experience and very quick transfer through Transections.",5,2026-08-06 06:31:34,Positive,,,,,0,False
2c52a5e8-b5bb-4b86-8237-bd28ac49b729,Abubakar Ahmad,In theme settings there is only light option can't change it to any thing else. yet the audacity to mention premium UI themes and bug fixes in changelog update. pathetic.,1,2026-08-06 06:12:35,UI/Design,,,Unspecified/General Complaint,,0,False
f641e7e1-288e-4d0b-b87b-f163222b60a2,Warda Qadeer,👍,5,2026-08-06 05:56:59,Suggestion,,,,Other Feature Request,0,False
3683be0c-9a95-4ad8-95be-ee5f472520bd,Afzan Rajpoot,good,5,2026-08-06 05:03:52,Positive,,,,,0,False
988e80c8-baad-4576-85f6-13a0f92f2071,Abdullah Khan,finger print not work,5,2026-08-06 05:00:26,Login,,,,,0,False
4cea0a5b-60aa-4bd6-b21e-4aa548a2fe1c,Rabia Hafeez,good very Good,3,2026-08-06 04:29:47,Positive,,,,,0,False
2e2292a6-1059-4146-8bd2-10b887cf5c89,Muhammad Altafansari,awesome 👍,5,2026-08-06 02:47:35,Positive,,,,,0,False
6d80de8f-c45f-416d-8f4b-76f57edb52aa,Arshad Ali,good,5,2026-08-06 02:45:53,Positive,,,,,0,False
1296f502-fd4e-4278-b049-d8e58b92c7b1,ᕼᗴᑌᒪᗴǤᗝ,app UI ko improve karna chahiye. operational smoothness. and most important jo transaction receipt hai us ko better karna hai jab wo save karte hain to full screenshot aa jata hai jab ke sirf receipt content hona chahiye. one more thing amount send karte wqt TPin jese extra security features must hona chahiye.,5,2026-08-06 02:30:10,Suggestion,,,,Other Feature Request,0,False
880cacbc-bcc7-4986-8221-3d3a38252093,Muhammad Daniyal,I like it,5,2026-08-06 00:20:26,Positive,,,,,0,False
733ea9cb-a8fe-4e6b-9b3d-e8c9dd25492e,Shahkar Ahmad,the layout is trash. low quality design,1,2026-08-06 00:03:57,UI/Design,,,Unspecified/General Complaint,,0,False
787cd7d1-0317-4103-b787-efb519fba8ef,HAMZA KHAN,ye Konsa error hai Jo hatt hi nhi Raha mere main page 3 dot ke share option dikh Rahe hai air mere ko koi transaction bhi Karne nhi de Rahe fix it quickly,1,2026-08-05 21:38:58,Suggestion,,,,Reduce Update Frequency,0,False
beff58a9-24ef-471d-869e-b1538dfb73cb,Z Zu2621,good and easy to use,5,2026-08-05 20:40:49,Positive,,,,,0,False
3fe867db-54b3-43e3-93c9-df478cc04b50,Ayaan barlas,"In the Meezan App, please add a feature where ONLY 1 fingerprint can be used to log in. Right now, if my brother adds his fingerprint to my phone, he can also open and manage my Meezan Bank account. This is a big security risk. Request: Please update the app so that only 1 registered fingerprint can access the Meezan App. Even if 5 fingerprints are added to the phone, only the 1 fingerprint work. overall, The app is Perfect working and my verification problem solved after new update come.",5,2026-08-05 19:38:26,Suggestion,,,,Single-Fingerprint Restriction (Security),0,False
e22b9709-bf4f-4ebe-b601-4d1d94a877c7,Kamran Mughal,good 👍,5,2026-08-05 18:09:08,Positive,,,,,0,False
c0d52677-6824-4db5-8586-c4526326080c,Fani Danish,good app for meezan Bank,5,2026-08-05 17:58:51,Positive,,,,,0,False
bfa01c87-2dc7-45e2-8eb1-8a4486cf8d3d,Ishaq Khan,excellent experience with mezzan,5,2026-08-05 17:34:29,Positive,,,,,0,False
1d399532-4340-49ba-9eca-db72ae16deb2,Munawar Abbas Haidary,Good Work,5,2026-08-05 17:17:01,Positive,,,,,0,False
ddc86a32-a95d-4406-ab51-13d209edb3b7,Ahmed Zahid,worst online banking experience worst n worst ever,1,2026-08-05 17:09:26,Transaction,,Fees/Charges,,,0,False
1d289e33-3822-4ebc-8033-66c987be8cf0,Ava Avec,good app,4,2026-08-05 16:56:56,Positive,,,,,0,False
68b8f615-46ca-4e2e-9be3-cae308e07617,Rida Zafar,good experience,5,2026-08-05 16:43:30,Positive,,,,,0,False
685ed435-ff99-46ec-8e6a-bc14b00162d0,Maqsood Rehmat,good,5,2026-08-05 16:41:12,Positive,,,,,0,False
5570d095-2e75-4914-974b-c542e313d670,hafiz mani,"One of the worst application. App doesn't open, it's take too much time for loading and doesn't open.",1,2026-08-05 16:29:12,Bug,App Not Opening/Loading,,,,0,False
e81c6ca9-6665-4cc9-94f1-701a08804012,Usman SAAB,good bank app,5,2026-08-05 16:24:42,Positive,,,,,0,False
f749be3b-b6ac-4593-814d-2927e1d9144d,Adil Khan,good 💯,5,2026-08-05 15:48:16,Positive,,,,,0,False
913f4897-6274-41bc-b564-055f2bcc2ffa,Mr. Aries,wonderful,5,2026-08-05 15:38:28,Positive,,,,,0,False
419572b6-9d79-4c5d-899e-299224d5a2b3,Asim Farooq,👎,1,2026-08-05 15:26:07,Suggestion,,,,Other Feature Request,0,False
fcd56d38-4da0-4861-b46a-7d67c286f0de,Usama Ayoub,Ooosome,5,2026-08-05 15:11:04,Positive,,,,,0,False
9d35cf67-a091-4505-a1b3-df03aeeea20d,Rabea,good,5,2026-08-05 15:09:35,Positive,,,,,0,False
ae97f7bb-75b8-48cb-8b24-3cea8e6af78c,Ali Ali,Well,5,2026-08-05 14:56:40,Positive,,,,,0,False
69bdc83b-5b87-4781-877a-e0886d9aaf05,Hasnan Khokhar,all's Bank okay but Meezan bank 🏦 in the best bank of Pakistan,5,2026-08-05 14:28:00,Suggestion,,,,Other Feature Request,0,False
0e477d20-8f00-49c4-89cd-706e4fe1f8cd,Shabbir Jaan,Nice Bank,5,2026-08-05 14:09:34,Positive,,,,,0,False
a47215df-aebd-4121-9a89-a6f7c7037813,muhammad alvi,it's a good user interface but I think it needs to improve to make it more modern and eye friendly.,5,2026-08-05 14:01:29,UI/Design,,,Modernize UI/Design,,0,False
da4b2b2e-ad57-4548-828e-fc613463f11e,Ikram Khan,👍,5,2026-08-05 13:11:27,Suggestion,,,,Other Feature Request,0,False
d7b40470-c57b-4085-97ca-71f39637aaec,Chaudhury Akbar Ali,very good,5,2026-08-05 12:54:04,Positive,,,,,0,False
acdf0d95-3407-4892-bd14-95dbaf1834f2,Umer Tem,The application works so slow and has horrible UI and modern banking features.,1,2026-08-05 12:18:23,UI/Design,,,Redesign to Look More Bank-like,,0,False
fcf2b268-fd94-42c5-bbae-0428aa67784c,M Tayyab,good 👍,5,2026-08-05 11:28:07,Positive,,,,,0,False
292fa2f9-303e-4dfc-aeb9-a3013f3ed71d,muhammad arif,Best banking services i have ever seen in from any Pakistani BANK. I even prefer to all my family member to go and open AC in MEEZAN bank.,5,2026-08-05 11:28:04,Positive,,,,,0,False
8b235850-ffff-40b7-bd9e-4dc16c876e1e,MAJID DOGAR,good,5,2026-08-05 11:09:44,Positive,,,,,0,False
72f2be3c-5e56-40df-be94-7e91a727acd0,Noor Fatima,"I've been using this app for 2 years and it was doing fine but now it has suddenly stop workin . it's not getting open, whenever I open it says ""application error"""" the connection to the server was unsuccessful"".So I don't know what to do now",2,2026-08-05 10:32:34,Bug,App Not Opening/Loading,,,,1,False
2a7ec37d-cf62-4af2-a1c3-c14aa4c2c4d3,Abdullah Hussain,I am having some issues with it there's a pop-up blocking the application and I can't close it ... it's frustrating and can't use the application... please fix it.... I would like to send you the images but there isn't any options here for it... although I have sent you an email with the images hope you will take action soon,2,2026-08-05 09:57:56,Bug,App Not Opening/Loading,,,,1,False
cd515dce-c108-4263-a185-4e456cd85da2,Lala asghar,Good service,5,2026-08-05 09:20:05,Positive,,,,,0,False
3569230c-a78e-4c60-8153-2f30b9a59049,Muhammad Sajid,A good bank,5,2026-08-05 09:17:30,Positive,,,,,0,False
cb27e9c7-491b-4dca-9a67-e6e6ae4c4376,Muhammad Iqbal Manzoor,Worst Banking App.,1,2026-08-05 07:49:32,UI/Design,,,UI Element Misalignment,,0,False
c3f2ba02-a23a-4b80-afe0-4ab5f2a96b82,Dd Dd,wow,5,2026-08-05 07:47:43,Suggestion,,,,Other Feature Request,0,False
53ec1b01-78b6-42a0-a91a-190932271332,abdullah zahid,A very good service.,5,2026-08-05 07:41:00,Positive,,,,,0,False
c8a7fb8f-5b13-4f7d-a689-94c1d4866616,Hafiz Inam,"they are nice at opening an account only, completely different behaviour when you need help and support after opening account. I am away from branch, bad wheather, I had to call them multiple times, submitted request online multiple times but no action, online helping says it will be updated without branch visit, calling branch says we cannot update without Biometric. Strange behaviour, This behaviour affected my business activities badly.",1,2026-08-05 07:40:28,Support,,,,,0,False
9417efd9-6597-44f7-9000-a3c35c8213ac,Rana Anees,bad experience,1,2026-08-05 07:32:20,Other,,,,,0,False
4ab809de-941a-43b8-a407-b7e765489e6d,Arif Khan,l am trying from last 3 days but app is not working. most of the time app is not working.,1,2026-08-05 06:53:08,Bug,Unspecified,,,,1,False
c2616084-d059-4113-af92-d4c3cae619ca,Malik Sam,good 😊,5,2026-08-05 06:38:06,Positive,,,,,0,False
97c0b830-359e-4803-a80d-a381f572e967,Nadeem Akhtar,Over All good experience fast and user friendly,4,2026-08-05 06:04:05,Positive,,,,,0,False
e80e5113-9430-48ac-9cd3-7a0b645a0d7a,Abdur Rehman,"soo wonderfull experience with thiss app,,, I open my own bank account at homee without going to any bank...thiiss gives u more power and freedom to spend money,,whenever u what!! i really like it",4,2026-08-05 05:57:23,Positive,,,,,0,False
e2ed56f5-a239-497a-803b-aeb28f022a97,Moeen Malik,very good,5,2026-08-05 04:09:25,Positive,,,,,0,False
d8daa552-aca9-40d8-b4c7-321ed7e51d2e,Mamoona Jahangir,good,5,2026-08-05 03:12:34,Positive,,,,,0,False
5bb30514-ec5f-4747-96c3-ffd11de510a2,Zohaib Ahmed,Good,5,2026-08-05 02:47:02,Positive,,,,,0,False
90352295-b11b-4f11-8425-c457f24adc3c,Muhammad Javed,very good 👍,4,2026-08-05 00:08:58,Positive,,,,,0,False
62b2cc5e-f347-46f6-9000-59f685305500,Huzaifa Saeed M,best hai Bhai sab use Karou,5,2026-08-04 22:00:35,Suggestion,,,,Other Feature Request,0,False
32abfc2e-9b00-4b6d-8b4c-b985de1ae52d,Aziz Saleme,good 👍,5,2026-08-04 21:44:18,Positive,,,,,0,False
495f2c44-a0a9-465d-b46c-1cc423df49b8,NIAMAT ULLAH,good service,5,2026-08-04 20:26:51,Positive,,,,,0,False
399e2778-dc80-4591-8e0a-4c6dee6db895,Muhammad Umair,The registration process is very smooth and and highly encouraged Thanks Meezan,5,2026-08-04 19:32:35,Positive,,,,,0,False
e68c254b-633f-4dbd-b5c9-568a248e4c8f,A Google user,Very nice,5,2026-08-04 18:51:45,Positive,,,,,0,False
9ad9aa6e-fc6c-4d00-9d2d-435616301e99,Musa Ahmed,👍,5,2026-08-04 17:35:18,Suggestion,,,,Other Feature Request,0,False
9ed05f64-bf60-44fe-8ee8-3872c2c8f9d4,Feroz Ahmad,"this happened yet once again: I legit remember to have selected the desired account, but when the money was send it was someone else's account. you really need to fix it. the helpline is not working",1,2026-08-04 14:57:43,Transaction,,IBFT,,,0,False
3c14a472-166d-4e69-9c79-b81c0ee223b5,Muhammad Huzaifa,best Islamic bank in my choice Alhumdulliah ✨❣️,3,2026-08-04 14:53:45,Positive,,,,,0,False
9e19c0b2-aecd-4182-a8eb-8f3ff08b6ff3,Umer Mughal,please update the app?? there is some issue with the front page display. i cant see the options due to another page already open which makes it unable to see the account balance and transfer the money. plz fix it.,1,2026-08-04 13:46:52,Bug,Menu/Navigation Stuck (UI Freeze),,,,0,False
b602d03a-187f-425f-9aa8-3ffb17d4833d,Bhai Jan,Good 😊 Bank,5,2026-08-04 13:46:49,Positive,,,,,0,False
1390bab8-e94b-4d1f-8abe-578dac9191b5,M i,nice 👍,5,2026-08-04 12:49:13,Positive,,,,,0,False
2a37d128-8775-4f82-b88c-01666147b153,Abdul Samad,ok,5,2026-08-04 12:27:23,Positive,,,,,0,False
6fdf1d59-4bba-4c1d-b90d-e65b7e412c4a,Rizwanmughal Rizwanmughal,Good,4,2026-08-04 12:12:43,Positive,,,,,0,False
396eb3e8-4a9f-47a9-9b84-4215a1bfbd99,malik shahzaib,nice nice,5,2026-08-04 11:22:30,Positive,,,,,0,False
370467d9-a6a4-487b-b8ce-e4eb3da976fa,Ibrar Malik,"before this , it was good but now i am facing some error problems.",1,2026-08-04 11:01:57,Other,,,,,0,False
d7f5b8ce-7d37-4d97-86a5-e109891af24f,Faizan Butt,one of the fraudest bank ever. They deduct charges without your knowledge,1,2026-08-04 10:03:57,Other,,,,,0,False
f6126e4c-23ed-4f86-82d9-7cab0bf47a8b,Bakht Baidar,"I m using this app from 2 years its quick and Excellent, but from last two day as I open the app , profile, my Account, qibla, terms and condition display on the center. How I remove it . thanks",4,2026-08-04 09:17:17,UI/Design,,,UI Element Misalignment,,1,False
a6b1318d-5615-4b5b-a4dc-6a2c38807373,Afshan Kamran,useful very easy to use meezan app thank you so much,5,2026-08-04 09:08:15,Positive,,,,,0,False
aea5958d-220c-4585-9514-0aca8553bc3f,Saeed Khan,zero service branch service is zero application is very good because every time Platinum numbers come and normal person waiting 20 to 25 minutes and department is slow,1,2026-08-04 08:59:33,Positive,,,,,0,False
8a3458bf-e3cb-404c-86e6-4c0c00eca9fe,muzammil khan,slow,1,2026-08-04 08:50:22,Other,,,,,0,False
fe216807-f09a-4d0b-99dc-fc635234104e,faryal butt,good job 👍,5,2026-08-04 08:25:29,Positive,,,,,0,False
14bea6dd-5b5f-484e-8ba2-bc03b4ea4d36,Adil Niazi,all good,5,2026-08-04 08:14:47,Positive,,,,,0,False
bb807da3-35d1-44d8-9c80-a53c7a1004e9,Muhammad Asif,kmal bank hy,5,2026-08-04 08:08:58,Suggestion,,,,Other Feature Request,0,False
5e8cd123-f4c5-4cc4-a0b1-c51b85403f3c,Richard David,good app,5,2026-08-04 07:45:15,Positive,,,,,0,False
af0f7fff-7f8d-4946-847e-3c569c69195f,Amina Naseer,this aap is very easy to use but recently I'm facing it's updated issues,3,2026-08-04 07:11:23,Bug,Unspecified,,,,0,False
4b12801f-c213-400e-8bb8-1b81ebdfe299,Naseem Shah,kindly set the user interface of the application it looks more like a wallet not a Bank make it look like a bank,2,2026-08-04 06:52:17,UI/Design,,,Redesign to Look More Bank-like,,0,False
94d9a8b6-1881-4f96-a290-ee2d14a0495b,Faiz Ul Hassan Sarfaraz,Great app,5,2026-08-04 06:08:50,Positive,,,,,0,False
fcc38f21-9d4b-4de7-82fa-ca10871f77a0,Muhammad Ismail,very Good Apps Banking 👍,5,2026-08-04 06:02:39,Positive,,,,,0,False
ce3ab0df-07a6-4225-b5b4-71803792b745,Shireen Naz,good,3,2026-08-04 04:33:05,Positive,,,,,0,False
741ef6cb-0659-4464-9818-a0573c41e547,Mzee Ali,app not opening from few days plz solve this issue.,1,2026-08-04 02:34:16,Bug,Connectivity/Login Bug,,,,1,False
c3b7963f-03b9-40ba-9517-594110b97565,Zakaullah Khan,meezan banking app is very good I'm using since long time.,5,2026-08-04 02:33:41,Positive,,,,,0,False
fae907e2-83f2-4a77-a64b-c9abcb1eee50,Bilal Ahmad,hello every one who want to create account with Meezan bank . don't make . it is very bosh bank the annual fee is too high. transaction fee sms fee and so on every year the cut there fee more then RS 10000. don't make account with this bank it is totally set for there scam . very very bad bank. i shared my issue which i faced with this bank . thanks,1,2026-08-03 23:05:47,Other,,,,,0,False
fbf52c6b-3d91-45f7-9453-dff5a5d59ae7,Mahmood Malik,Worst app ever made literally even 150 rs transaction to jazz account is failing. amount is deducted from account but didn't reached the other end old application was so much easy and reliable but this app is piece of garbage literally disappointed,1,2026-08-03 20:20:37,Transaction,,IBFT,,,0,False
c84eb3d3-1925-4f24-8ab8-0f180f328c66,Ameer Hamza Umrani,very good staf behavior very good banking system good app service,5,2026-08-03 19:42:15,Positive,,,,,0,False
99dee4e2-6a10-44a0-b2f2-4599445e6f35,Sham Malik,best,5,2026-08-03 19:37:20,Positive,,,,,0,False
23c09f01-0f7b-4407-9af1-cc06bfa165b7,Haroon Idrees,"Unable to register for Internet Banking because it requires a debit card, which I don't have as an overseas RDA customer. The mobile app works, but I can't transfer funds from my USD RDA account to my PKR account. PKR transfers show ""Insufficient Balance,"" and entering USD keeps the Next button disabled. Customer support says this isn't supported in the app. Please provide a solution for overseas RDA users by enabling usd transfer in app and allowing Internet Banking without debit card.",1,2026-08-03 19:05:51,Support,,,,,0,False
95320b09-ab82-4244-9529-388101782cd3,The Ranausman,poor app,1,2026-08-03 17:44:53,UI/Design,,,Unspecified/General Complaint,,0,False
9893f599-2911-4f44-a546-2dd3abdb9bf3,Muhammad Awais,"Hello, I opened a Meezan Mobile Account 3 months ago with It is still showing ""Biometric Not Verified"" even after visiting the branch.",1,2026-08-03 17:40:20,Login,,,,,1,False
647d3cd6-8c16-49ce-9c09-0b2bb8f863f8,Imran Mani,Its good working sometimes issues but good workig my life make so easy trasfer mony one city to other,5,2026-08-03 17:18:22,Positive,,,,,0,False
0b75be78-4cc9-46d8-9dd9-9b6e389240fe,azhar awan,loan option can be in this app,5,2026-08-03 17:15:51,Suggestion,,,,Add Loan Feature,0,False
40080c8b-5d3e-4155-a041-561b9f1881a0,Ezan Rehan,bhetreen quality,5,2026-08-03 17:14:34,Positive,,,,,0,False
bf6198f9-2fca-4e45-974b-128a11863bd7,Mannatkhan Khan,Good,5,2026-08-03 17:11:58,Positive,,,,,0,False
4b96205c-3194-4e91-b711-36634e137c1f,Iffy ADA 231,best meezan bank app forever,5,2026-08-03 17:05:01,Positive,,,,,0,False
7c38519e-3b5b-406e-b11c-44725ec34189,Taha Haroon,OTP Code nh aAraha,1,2026-08-03 17:00:24,Suggestion,,,,Other Feature Request,0,False
c4316b2a-3b3f-4ce1-b851-8749f1df45a2,Feroza BiBi,very good 👍,5,2026-08-03 16:57:35,Positive,,,,,0,False
d85db597-6a38-45dd-a69c-8f9a2d1ae0f7,Shahnawaz Jamali,Excellent app mezan Bank No 1 Pakistan,5,2026-08-03 16:51:20,Positive,,,,,0,False
57f94c19-2991-4763-9264-e2264fb76fc0,Muhammad Talha,Highly Recommended,5,2026-08-03 16:31:23,Positive,,,,,0,False
35ecd1b4-5886-480d-b7d9-8fb4562bce2b,Maham Nadeem,good services,5,2026-08-03 16:01:02,Positive,,,,,0,False
bd8f63d0-8749-4ab3-b05f-d767f6bc29df,shafqat ogahi,best bank for account holder,5,2026-08-03 15:48:09,Positive,,,,,0,False
4f309cec-e10f-4d2d-b905-ee4c60e8f5f3,Zahir Marri,The BESSSST App I have ever used!!! but unfortunately the packages are late to update. but over all The Meezan bank is best!!!,5,2026-08-03 15:28:32,Bug,Menu/Navigation Stuck (UI Freeze),,,,0,False
ae135936-1c20-40c0-a3f9-7836853e78c7,Raza khan Raza khan,nice,5,2026-08-03 15:25:50,Positive,,,,,0,False
bd45069f-30da-424e-947a-e8f628d26b51,Sohaib Aslam,Very bad. There is no option to mark the thumb impression.,1,2026-08-03 15:17:59,Other,,,,,0,False
5fda699f-efde-4d63-8d06-6e09d5cc6a1c,Official Engineer Faizan,poor app not working properly,1,2026-08-03 15:14:43,Bug,Unspecified,,,,0,False
e5aabefe-d1db-4085-b161-37c2d0588e1e,Waqar Abdullah,I can't transfer money from meezan app,1,2026-08-03 14:58:45,Transaction,,Wallet/Bill Transfer,,,0,False
7eda70e5-39b9-46ff-a1b8-f62ec1578881,Saleem Jan,good 👍👍👍👍👍,5,2026-08-03 14:47:16,Positive,,,,,0,False
1791babd-596a-4559-9351-8c22c437924f,HASSAN RAZA,App n is not showing the Money transfers app issues sold it now,1,2026-08-03 14:32:46,Bug,App Not Opening/Loading,,,,0,False
5225d826-edab-4133-abb8-831f4e90e0a6,salma ismail,when update option comes my app closes bad experience,5,2026-08-03 14:07:20,UI/Design,,,Unspecified/General Complaint,,0,False
02f4343e-f20e-426f-bc95-7cd9e1818857,Muhammad Yasin,good,5,2026-08-03 13:09:04,Positive,,,,,0,False
497dd618-f902-47c7-99c4-afa8be6a7a6b,Qasim Akbar,good working app,5,2026-08-03 12:46:07,Positive,,,,,0,False
c558421d-0ee3-4c22-98f6-96d02eaa444b,Muhammad Arshad,nice,5,2026-08-03 12:41:01,Positive,,,,,0,False
ef5e93a9-e3fb-40a5-a669-c876ff211bc4,Agha Fakhar,"currently I'm stuck side menu issue , unable to close , pls fix as as possible, mobile vivo y20s , Android version 10",1,2026-08-03 11:52:59,UI/Design,,,Side Menu Stuck (UI Freeze),,0,False
af72b83e-34bb-4795-9ac2-99ec549bf3ab,Ali Khan,Good Work,5,2026-08-03 11:12:03,Positive,,,,,0,False
f822b196-3f77-4ee7-9914-67b10e7bc65d,Syed Ziyad Bin Hasan,not working properly. face issue in funds transfer,1,2026-08-03 11:00:42,Transaction,,Fees/Charges,,,0,False
e54457a1-4c9c-4706-bfe5-3844c1725426,Qasim Khan,good Bank,5,2026-08-03 10:41:09,Positive,,,,,0,False
b357ad7e-b151-4959-acc1-dde80d9e77f7,Sumit Kumar,good 👍,4,2026-08-03 09:48:46,Positive,,,,,0,False
fd567d96-2188-40e1-a992-0caf54090c85,Hafsa Sajjad,Good,5,2026-08-03 09:42:56,Positive,,,,,0,False
0e854851-60b8-4088-8aad-9348b4ebad2e,Anees Ahmed,setting profile etc at bottom of app page are on left side of app. can't make payments due to this please fix it,4,2026-08-03 09:15:04,Transaction,,Fees/Charges,,,0,False
707ad2b7-1aca-44fe-89c4-c8938d3ba829,Muhammad Owais,v good 💯 😊 banking system,5,2026-08-03 08:42:01,Positive,,,,,0,False
ffa0a74e-df49-4204-a8e8-8e4fd9c75d88,Qazi Arshad Kamal,"still face an issue like app glitch,side bar is opened but there is no option to go back ,like holding this page as stuck",2,2026-08-03 08:35:38,Bug,Menu/Navigation Stuck (UI Freeze),,,,0,False
8ec080a6-4c6c-43f6-8b58-2f02305ff017,Abdul Wahab,very fast,5,2026-08-03 08:34:48,Suggestion,,,,Restore Screenshot Feature,0,False
a5f4006c-cc4e-4949-b3ba-826f44e6a73f,Irfan Haider,doesn't let me login,2,2026-08-03 08:33:41,Login,,,,,0,False
e78a3e4f-c564-45ae-a513-78846e6c93a9,ArMaN rAnA,excellent,5,2026-08-03 08:28:09,Positive,,,,,0,False
e3c62f50-81c9-41a8-8001-534291d4765b,AHMAD MAYO,I love his app ❤️❤️❤️❤️❤️❤️❤️❤️❤️❤️❤️❤️❤️❤️❤️❤️❤️❤️❤️❤️❤️❤️❤️❤️❤️❤️❤️❤️❤️❤️❤️❤️❤️❤️❤️❤️,5,2026-08-03 06:13:07,Positive,,,,,0,False
ad5a689c-8c2c-4cbc-b3cf-5bb0c3419abe,Sattar shahani,good 👍 app download free,5,2026-08-03 05:25:24,Positive,,,,,0,False
660e6189-0d4e-417f-b7f8-5a9f2293a0d5,Muhammad Hamza,worse app in the world please reply to my emails on your complaint email.,1,2026-08-03 05:04:27,Support,,,,,0,False
2786b893-c404-435f-9327-d7b2dd7b78df,Asif Ali Goldmedalist,"Pakistan,s number one Bank is Mezan..Its services are very fast and pure transactions..I used all banks but I found the best Mezan..Professor Asif Ali Goldmedalist ,Islamabad.",5,2026-08-03 05:00:36,Positive,,,,,0,False
86ac4e58-e2f2-46c6-a431-05890c6eac5f,Variant,too large and barely works,1,2026-08-03 04:08:14,UI/Design,,,UI Element Misalignment,,0,False
2308a1e6-47d7-4661-9070-5161ef59300b,falcon netways,Excellent service,5,2026-08-02 23:05:47,Positive,,,,,0,False
8c8161bd-7911-4d90-beeb-f48748a7a41d,Nasir Arain,very nice aap,5,2026-08-02 19:10:15,Positive,,,,,0,False
1bc6f6f8-d342-4f2e-b7e3-c4a4fdf081d8,Nouman Sheikh,good,5,2026-08-02 18:58:10,Positive,,,,,0,False
566a1ce7-9961-4da3-b386-374ca557307b,Asrar Ahmed,beautiful ❤️,5,2026-08-02 17:45:56,Positive,,,,,0,False
e19ec7a2-6a50-448d-9b8a-630cdbbb0e25,Mohsin Ali,very easy to use and fastest way for transections,5,2026-08-02 17:31:23,Positive,,,,,0,False
4748d3ba-9225-4dd4-b8da-70a3ce634d24,Umar Ismail,excellent,5,2026-08-02 15:51:49,Positive,,,,,0,False
6b815a1c-f049-46c9-8a25-3299393ec0d3,Zakir Hussain,Good service Fast Reply,5,2026-08-02 14:56:49,Positive,,,,,0,False
4589c8f6-69b4-4a0d-9032-c284b106c2ff,M Jameel,good,5,2026-08-02 14:44:07,Positive,,,,,0,False
dd2643af-2ff8-4128-9010-40ea8c26c043,Hassan Hussain,very bad helping,1,2026-08-02 14:16:42,Other,,,,,0,False
70a86721-40af-49ab-a34d-0cc29c2eac8a,Abdullah Khan,Not even deserve a single start,1,2026-08-02 12:06:06,Other,,,,,0,False
4ba18f09-b040-4ba9-85d8-aeeea9293f4b,Saud Baig,"After logging in, the left navigation panel remains permanently open and covers almost half of the screen, making the app unusable. I have already tried: Clearing the app cache. Updating Android System WebView (as advised). Restarting the phone. Unfortunately, nothing has fixed the issue. Update: I emailed your support team, provided my account details, device information, and screenshots exactly as requested. Since then, I have not received any further response This is very disappointed",1,2026-08-02 10:57:59,Bug,Menu/Navigation Stuck (UI Freeze),,,,0,False
0ce2ffc4-a7d8-43ae-9d74-556f4a0f9f14,Abdullah Bashir,nice app,5,2026-08-02 10:31:10,Positive,,,,,0,False
28a67cb1-6397-4dbc-a88f-607777043376,Nafees Malik,"It used to be a seamless and wonderful app. Unfortunately, The connectivity of this app is continuously bugging now. Logging in is an issue every now and again. Kindly improve....",4,2026-08-02 10:12:11,Bug,Connectivity/Login Bug,,,,0,False
e77736c7-18e9-4569-aa11-b999977a7e50,awais rizvi,godd,5,2026-08-02 09:53:22,Other,,,,,0,False
e1fdf52a-c00b-4a67-adff-2a1e549fe123,Zafar Iqbal,"Meezan offers below average service, utility bills paid through app are often automatically reversed and subscriber know the same when (s)he receives bill of next month with arrears alongwith surcharge. Salaries of government servants is transferred to their accounts with delay of days, it is 2nd August, All my colleagues having account with other banks have received their salary 4 days ago but I am still waiting for transfer of the same from Meezan",2,2026-08-02 09:41:05,Other,,,,,1,False
c676a4c3-39ee-42c3-bae6-cf78e4ac253a,Baqir Hussain,good,5,2026-08-02 08:59:59,Positive,,,,,0,False
3e112c3f-a0f0-42da-b938-e2fc14b25514,rana ahsan,good,4,2026-08-02 08:16:36,Positive,,,,,0,False
c2ccf96e-3734-4274-92ec-9598788f5cde,Allah Nawaz,fast transaction,5,2026-08-02 05:47:31,Positive,,,,,0,False
ff0f04b8-179e-4bdf-b67a-decca5da0589,Khurshid Tanoli,Great 👍🏻,5,2026-08-02 05:16:03,Positive,,,,,0,False
27736c73-5b84-4c32-920a-f66d5802b656,Sadiq Amin,good,5,2026-08-02 05:15:53,Positive,,,,,0,False
b24efa9f-7db7-45cd-afcc-1796d29dc602,Rehan Ullah,"Amazing app and very easy to use, I love it. 100% recommended",5,2026-08-02 04:33:08,Positive,,,,,0,False
d1e65949-4ca2-48e4-aacb-d48ff248832f,Hi Hi,good👍,5,2026-08-02 04:21:35,Positive,,,,,0,False
7a3338ed-a308-4889-93f9-ea778a651611,Talha hayat,ok,5,2026-08-02 04:14:57,Positive,,,,,0,False
e32701d8-614d-4ef4-a3ba-016ac9522dad,Sultan Ali,Very fast service provide....,5,2026-08-02 02:31:05,Positive,,,,,0,False
f0e07b10-6eb1-417e-bef4-8ab6f7ed54f5,M Sajjad rehmani,good 👍,5,2026-08-02 00:45:22,Positive,,,,,0,False
6da8db6d-fa53-4a43-a9d5-0c934150be5c,saif,all good but face id login not working on android,3,2026-08-01 20:55:36,Login,,,,,0,False
03f4b06c-d0d3-46bc-8f3b-6dadff635b75,Ayyan Irfan,بہت اچھی ایپ ہے سینڈ بھی جلدی ہوتے ہیں اور رسیو بھی جلدی ہوتے ہیں,5,2026-08-01 19:53:00,Other,,,,,0,False
66ebf162-64e8-42cc-8321-45e649795724,ALI HASAN,very nice 👍,5,2026-08-01 18:37:34,Positive,,,,,0,False
7017c8f0-4a70-4f6d-8c6b-99cfacbe2f15,Shamas Ud Din,This app has been running very badly for a few days,1,2026-08-01 17:27:51,Bug,App Not Opening/Loading,,,,1,False
2b0b0348-1455-4e67-a06d-1a13825ead9a,Haris Waheed,still poor. it was good but not now,1,2026-08-01 16:38:05,Other,,,,,0,False
23fe220d-cf47-4be5-a838-4cd9af0a71dd,Haris Ali,cannot scan fingerprint on oppo,1,2026-08-01 16:07:12,Transaction,,Unspecified,,,0,False
6dc1dabf-25fb-4cda-8ac7-d1e3d8f2d02c,khawas Khan,good jobs,5,2026-08-01 15:54:24,Positive,,,,,0,False
0e0af1de-c709-41f6-b20a-30fa0e70bc91,Ma No,Excellent working,5,2026-08-01 15:49:07,Positive,,,,,0,False
7d8fd0e7-978e-41cd-9be1-e193ae0cc1ff,Hamza Khan,not open apps,5,2026-08-01 15:33:22,Other,,,,,0,False
86eb66f3-c73b-4de9-aacf-603e9f315669,Anees Amjad,apps accessibility error. I cannot login on Google pixel phone,1,2026-08-01 15:21:01,Bug,Connectivity/Login Bug,,,,0,False
9c6c6202-a907-4869-b181-5dcc87822605,Muhammad Shakeel,good,5,2026-08-01 15:19:46,Positive,,,,,0,False
02f6356c-871c-4453-b4c1-c7d80a526ec1,sohail jewelery & gift,veery good App 👍,5,2026-08-01 14:38:36,Positive,,,,,0,False
3ce01296-84f1-4049-9412-8c3e7e72e251,Khan,Good App due to Islamic aspect ❣️,5,2026-08-01 13:30:53,Positive,,,,,0,False
512c3456-9f00-4df9-a2f1-586541d3b73d,Malik Amin,Asalam walakom,5,2026-08-01 12:14:56,Other,,,,,0,False
0bfc5feb-4550-4aca-80a2-58795950e17a,Abdullah Pk,"I initially faced a UI issue after the latest app update. The left-side menu (☰) was overlapping the screen, making options like Profile, Accounts, and Settings difficult to use. I posted a review on the Play Store, and the Meezan Bank team responded with a solution. After updating Android System WebView and restarting my phone, the issue was resolved. Thank you, Meezan Bank, for your prompt response and support. 5 Stars",5,2026-08-01 11:57:53,UI/Design,,,UI Element Misalignment,,0,False
7e75a471-01a3-4637-81da-2a1359d71559,matador 12345678,frequent updates,1,2026-08-01 11:52:49,Suggestion,,,,Other Feature Request,0,False
88471888-1e90-46fb-89c8-6a207620d7cd,Mudasir Iqbal,Excellent,5,2026-08-01 11:14:47,Positive,,,,,0,False
cfe3c412-6499-486d-a9c9-8f234defd910,Kamran Khan,so Nice and help fully app,5,2026-08-01 09:56:05,Positive,,,,,0,False
da500f72-1c58-422d-a9c6-cf4ea90dec0f,Chbilal Gill,good 👍,5,2026-08-01 09:46:14,Positive,,,,,0,False
163bda30-a3da-4849-9bd0-89923aa6d4e8,Saeed Khani,comfortable,3,2026-08-01 09:09:37,Positive,,,,,0,False
aa62d6d7-0a51-4ec4-9b3f-7f4139c643a9,Rizvi G,very good,5,2026-08-01 08:51:31,Positive,,,,,0,False
5a1aa589-414c-4df3-a693-5fd8b9aca945,Zulfiqar Ali,v good bankk,5,2026-08-01 08:01:13,Positive,,,,,0,False
23e87401-88d6-4847-b44c-f45601f3cb3e,Waqar Raza,good experience,5,2026-08-01 07:59:04,Positive,,,,,0,False
3a1538b8-c68a-4843-9ca3-a1ef5602e009,Muhammad Farooq,good,5,2026-08-01 07:33:41,Positive,,,,,0,False
d98853d2-2686-4120-b439-068d98c75c1d,Muhammad Shaikh,Excellent,5,2026-08-01 07:32:52,Positive,,,,,0,False
9814322d-58a1-49e6-b2b6-41a0e689492c,Store Bocs,"Hello Meezan Bank Team, I would like to report an issue with the Meezan Bank app. Whenever I try to transfer money, selecting a beneficiary does not work properly. Sometimes, when I tap on one beneficiary, the app selects the one above or below instead. This is a serious issue because, in a hurry, it can result in money being sent to the wrong person. Kindly investigate and fix this issue as soon as possible. Thank you for your attention and support.",1,2026-08-01 07:32:22,Support,,,,,0,False
85dc4a71-1b62-412b-b880-d6e1207218e2,Mehdi,perfect privacy,5,2026-08-01 07:28:55,Positive,,,,,0,False
802c5ae8-4636-4299-b4ff-ee67674d91a2,Rana Moeed,Nice,3,2026-08-01 07:19:50,Positive,,,,,0,False
eac69466-124b-4b01-8e9b-a59aaf86038a,Ali Raza,good 👍😊,5,2026-08-01 07:04:16,Positive,,,,,0,False
e820ffde-09a7-44e7-bab3-4321439c7df5,Amir Ali,very nice,5,2026-08-01 05:57:16,Positive,,,,,0,False
51a66d50-fd46-4320-9320-4dc26cbbb928,S.Safder Shah,I love meezan the best bank service in Pakistan,5,2026-08-01 02:32:54,Positive,,,,,0,False
0e3e8c7f-9166-4521-968b-22e0b20b45de,Muhammad Hilal,if a person doesnt have space left in their phone so let them use the application(old version) rather than being rigid and not letting use app.,1,2026-08-01 02:12:33,Suggestion,,,,Support Lite/Old Version for Low Storage,0,False
467bc311-02a8-4990-9c6a-10c5060897df,Dj Nomana,good,5,2026-07-31 22:56:40,Positive,,,,,0,False
fe79ce41-c4dc-4a9a-bf8e-43e7039af6b8,Laibawaseeq waseeq,good,5,2026-07-31 22:46:27,Positive,,,,,0,False
77bee884-d156-4278-88e0-11d4d3484a51,Mr.Hassan Raza writer,good,5,2026-07-31 20:14:24,Positive,,,,,0,False
7dd02af2-8e9b-4871-b486-729c38d79f52,Hafeez Ullah,good,5,2026-07-31 19:39:07,Positive,,,,,0,False
460d8398-5312-45c2-a4ec-79d1adc023ba,Sarosh Teja,very fast service,5,2026-07-31 19:11:15,Positive,,,,,0,False
e33ec37f-1a82-4fd8-a115-9f49ba020d96,Chand Attaullah,👍,5,2026-07-31 19:02:31,Suggestion,,,,Other Feature Request,0,False
9e35a417-37cc-45ba-9e39-6503f0b93643,Asim Mushtaq,day by day decreasing it's performance,1,2026-07-31 18:51:27,Other,,,,,0,False
cebe5520-9f19-409a-91a2-a7f75a6200f9,Malik Ashfaq,good,5,2026-07-31 18:51:16,Positive,,,,,0,False
52b032d6-2bb4-466c-b06e-46a53a09acf3,Azfar Rizwan,"Excellent , comfortable and most user friendly as well as reliable bank and app both",5,2026-07-31 18:35:57,Positive,,,,,0,False
bb06808a-b944-44bd-8453-62e2ef2acf65,Ali Baloch,Meezan Mobile App version is Great service,5,2026-07-31 18:01:33,Positive,,,,,0,False
643b24f4-46b2-4365-b2dc-7a1bdd9047b8,Abdul Waheed,good bank,5,2026-07-31 17:57:11,Positive,,,,,0,False
5a96a72f-66b5-4269-8f9d-99a13346edd4,Sadam Hussain,Good 🥰,5,2026-07-31 17:45:58,Positive,,,,,0,False
60dba22b-1327-451e-b0f7-81157c02a737,Nazia Saeed,good app for banking,5,2026-07-31 17:15:03,Positive,,,,,0,False
5d0ccfc3-3c6f-4add-a214-3c0a188e0538,Awais1166 Ali,good 👍,4,2026-07-31 16:46:32,Positive,,,,,0,False
af9885a7-ebb0-4a95-a036-46a509fc3fbb,Zartab Kawish,amazing,5,2026-07-31 16:31:04,Positive,,,,,0,False
adec2644-47aa-44a0-8e26-ffad7e196006,khalid khalidkhan,very good bank in Pakistan thanks for everything,5,2026-07-31 16:28:55,Positive,,,,,0,False
eb5727e3-3edd-46d8-9fb8-53e12d92d434,Ismail Gorraya,nic,5,2026-07-31 15:55:15,Suggestion,,,,Other Feature Request,0,False
e5b4662a-3561-418e-94df-a311a68b1530,Zeeshan Prince,good,5,2026-07-31 15:54:09,Positive,,,,,0,False
b5f580f2-472e-4f00-9edf-2e36feabc89e,M Jaish,"This is a third class app 😡I have to login again every time I want to do something. Re-enter password Re-enter password Apart from that, go to the debit card section, their system was not working, the system was broken, they don't know what system I did.",1,2026-07-31 14:54:06,Login,,,,,0,False
b41ee0ff-a8c7-464e-b828-821e3cff7b09,Muhammad Usama Nasir,I used many banking apps but I think the cheap one is this Meezan mobile app ...first of all I faced email changing issues and then card management.. this service is not processing,1,2026-07-31 14:29:00,Transaction,,Card Management,,,0,False
3e354dc9-eb58-44a7-a7f5-110dd6b5be63,Ghaffarkhan Khan,best aoo,5,2026-07-31 14:16:41,Positive,,,,,0,False
206e5686-dab6-4fb0-bc04-e366637ff504,hamza ilyas,"*⚠️ Meezan Bank App - My Personal Experience ⚠️* Friends, if you want to save your money and stress, please read this post. I’ve been using the last 8 years Meezan Bank app for the past few weeks and the experience has been really bad: ""The app crashes every 2 minutes. You can't get anything done."" - ""Customer service is useless. You just talk to a bot all day.""For every issue the reply is always 'we're looking into it'. When will you look into it? A big scammer. Please save your time and money.",1,2026-07-31 13:58:19,Support,,,,,2,True
7f1f5452-3c8f-45f9-ba0a-678dd282808c,Athisham Abid Athisham Abid,osam,5,2026-07-31 13:56:17,Other,,,,,0,False
922497c6-3681-4467-9275-877c59bf6a2f,Mumtaz Aman,good,3,2026-07-31 13:03:28,Positive,,,,,0,False
d84288a9-3965-45f4-bed4-ecb864507955,Riwan Rajput Rizwan Rajput,ok,5,2026-07-31 12:43:52,Positive,,,,,0,False
f689449a-17e4-4bc7-970e-dffb9adb1330,Muhammad Abdul Basit,useful app with quick services! appreciated and satisfied!,5,2026-07-31 12:40:44,Positive,,,,,0,False
d7b4e7c2-a90b-40b8-a27a-799474f517f0,Masad Khan,very helpful app,4,2026-07-31 12:34:11,Positive,,,,,0,False
f51815c0-46c1-4d46-a7f6-44793c573e8d,Giyu_ Muk,Bht hi Ghatia Service hai..2 mahine hony waly Hain mine visa card ky lia apply Kia tha Jo k muje abhi tk Nahi Mila JB bhi call kro ky Kia hua mujhe abhi tk card received Nahi hua hai Tu bolty hain hum mazrat chahty Hain ap KO jald hi mil jay ga .... ya Tu fala fala din ky bad mil jay ga lkn abhi tk Nahi Mila ... bilkul Ghatia Service hai inki,1,2026-07-31 12:21:29,Other,,,,,0,False
3e603916-d3cf-4e70-9933-5283c6737143,Hafiz Salman,ok,5,2026-07-31 11:10:48,Positive,,,,,0,False
37e2da78-c1ae-472f-8cef-26342c996348,Faisal Azhar,"The update is really disappointing. Because of the side panel, it's almost impossible to make any transactions. It would have been better if you hadn't released this update at all. Now, whenever someone wants to make a transaction, they first have to search for the Bank ATM option before they can proceed.",1,2026-07-31 10:46:13,UI/Design,,,Side Menu Stuck (UI Freeze),,0,False
3f72db84-fe30-474a-9de2-e9e38a1742e3,Mohsin Ullah Jan,Good App,5,2026-07-31 08:24:37,Positive,,,,,0,False
10032da3-b986-435e-bf2a-64e9fc63f0d8,Mr Zohaib Ali Magsi,Great service Mezan Bank,4,2026-07-31 07:39:17,Positive,,,,,0,False
72c7b32d-6a3c-4236-baec-cc8d139ed5ce,Anayadehwar Anayadehwar,Excited,5,2026-07-31 07:31:01,Positive,,,,,0,False
de10ca64-8b9a-4d55-85a1-7e6069c88b09,Wazir Gaming,very nice bank for all people,5,2026-07-31 06:31:00,Positive,,,,,0,False
c0c6e37a-507f-4a10-aa3c-9283daa050d4,Seharkhan Khan,good,5,2026-07-31 06:05:27,Positive,,,,,0,False
40cea6ae-7325-4f74-b960-a457af308866,M Ismail Karnii,not a good app,1,2026-07-31 05:08:07,UI/Design,,,UI Element Misalignment,,0,False
44996db5-274a-4d8c-8c62-d636a78cf279,Shakeel Malik,bhot fazool Bank hai pesy jmha krwany ho to Tax pesy niklwany ho to phir Tax Kisi ko 1000rpy send krna hai to Tax lety Hain baqi Kisi bank main aysa nai hota ......... main ne to account Khali kr Lia ha ab sirf bolak krwana hai aap b Sahi trah kaam nai krti,1,2026-07-31 03:03:37,Transaction,,Fees/Charges,,,0,False
64fd0c23-a0a1-42a8-992c-bb0947ce0fbc,Sairaakmal Akmal,alots of problem I m faced.... many time didn't accept my password... login problem transaction problem... I m just tired of this app....,1,2026-07-31 02:05:04,Login,,,,,0,False
79551a60-6994-45d3-8f3c-68d7a4bf8bbc,wali al saud,very simple and good work,5,2026-07-31 00:45:21,Positive,,,,,0,False
1f373052-e6f9-498e-b960-732bb3d7d6a8,Sohail Khan,nice,5,2026-07-30 22:24:22,Positive,,,,,0,False
f9c45de9-96c1-4257-be3e-0bd954dcb63e,Muhammad Nadeem,new update is not smart there is bugs found. once you have download completed 100% but app required again n again upsate,3,2026-07-30 21:15:14,Bug,Force-Update Loop,,,,0,False
a7238c8e-7465-4bae-8d71-78e1f566c188,Mehmood ullah Madni,v.good service's,5,2026-07-30 20:52:12,Positive,,,,,0,False
e6ee9b0b-1e96-4dad-b7cc-3a40c659633e,Imran Arshad,"Good & friendly user interface. Update in 2023: I have been using for many years, and must say that best app amongst all banking/payment apps in Pakistan. Simple and minimal design and smooth flawless process execution. 2026 update : Still one of the best services with a simple app with good user interface.",5,2026-07-30 20:48:14,Positive,,,,,1,False
5a4f0ca7-82bb-4bb9-932f-dfd8a0caabbd,Muhammad Zubair Shaukat,I have updated app many times but still my app is stuck and showing an alert to update app.. kindly resolve this issue because I have to do transactions. thankyou,2,2026-07-30 20:45:14,Bug,App Not Opening/Loading,,,,0,False
fc1efd79-8a09-4476-9d9a-41a55c44b66c,Ubaid Rehman,very good transaction,5,2026-07-30 18:57:37,Positive,,,,,0,False
1c6458ee-6cd7-4813-ae3d-45c38ca15905,Muhammad Tahir,very good app,5,2026-07-30 18:32:56,Positive,,,,,0,False
0212c677-0267-494e-a0f4-649e80b2b8e2,rana amir,nice,5,2026-07-30 17:45:40,Positive,,,,,0,False
0fd9d65e-6813-40a4-bc95-c0d7139974b6,Ramzan Ali,میری رقم ابھی تک نہیں ایی,1,2026-07-30 17:19:31,Other,,,,,0,False
da8d28b6-f0f2-4698-89cd-82e604b9bb75,Lowa-International,"I had high expectations when I opened my account with Meezan Bank, but my experience has been consistently disappointing. Almost every time I need to make a transaction, I end up facing technical issues or delays. Banking services should be reliable, especially when customers depend on them for important payments.",1,2026-07-30 16:57:05,Transaction,,Unspecified,,,0,False
21c38841-1a91-46b3-82f6-3cf275eeb6bd,iffi g,ok,5,2026-07-30 16:17:13,Positive,,,,,0,False
d60b93af-9a01-4964-be2c-e3d6689df314,Kashan Raja,mera dashbord ni khatam ho raha aap main,5,2026-07-30 15:32:45,Other,,,,,0,False
bfa969eb-898e-461a-9bd3-681efb10d8cb,Muhammad Umar Yaqoob,"The app is not working on samsung A57, I visited branch and they told me that the similar issues are also reported by other A57 users as well. Please resolve the issue on priority.",1,2026-07-30 15:15:31,Other,,,,,0,False
e09fca02-03b6-4e5a-ae99-3b0edcaae5a5,Syed Numan Ali,bad bank bad app,1,2026-07-30 15:09:59,UI/Design,,,Unspecified/General Complaint,,0,False
3bc919a4-6c58-4ba7-a4d1-d7faff05170d,Azeem Falaksher,good,5,2026-07-30 14:50:55,Positive,,,,,0,False
0ecbe7fa-42ed-4881-ac2f-24d39864d264,Malik's Malik's,extra charges,1,2026-07-30 14:36:13,Transaction,,Fees/Charges,,,0,False
35e0d84e-6fc6-4539-97ba-32a3d956d2d2,Sajjad Ali,Very good app I'm Rabdino,5,2026-07-30 14:06:53,Positive,,,,,0,False
04711db9-a914-461c-b796-87f4102d3fae,Waqas Malik1180,kaml app,1,2026-07-30 13:45:53,Suggestion,,,,Other Feature Request,0,False
7fba7244-5a4b-45f3-ae8e-f715f66a450c,Alihusnain Alihusnain,good,5,2026-07-30 13:14:11,Positive,,,,,0,False
70747e26-cd9c-4741-b172-2ce251e94f20,Muhammad Attique,Great,1,2026-07-30 11:43:30,Positive,,,,,0,False
e0cfe9e6-36ce-4889-b22e-7e42ec330474,MD Ali3594,excellent,5,2026-07-30 11:41:56,Positive,,,,,0,False
670e2e99-ec2c-47fe-a41e-c23e10d4ed41,Aqeel Ahmad,Very good,5,2026-07-30 11:21:42,Positive,,,,,0,False
cb2d76f8-a9d7-4661-9f81-a2753f0f05c0,kausar Kazmi,Great,5,2026-07-30 11:08:44,Positive,,,,,0,False
a37410cd-d865-4a5a-88e4-a51708eded59,Basheer Baloch,easy to survive with this app,5,2026-07-30 10:55:19,Positive,,,,,0,False
6f5f767f-90f4-432c-817b-091724f344c3,Mohammad Hussain,Very Nice,5,2026-07-30 10:09:04,Positive,,,,,0,False
de07049c-b61d-44fe-b2ba-db524f6a7e7e,Hassan Ge,very good,5,2026-07-30 09:26:10,Positive,,,,,0,False
0b753db0-6814-4bce-a2df-8952d46d5cab,Tanveer,Excellent,5,2026-07-30 09:14:53,Positive,,,,,0,False
0490839b-2380-4380-b578-0d65b91b2741,Balouch,ATM code kia hai?,5,2026-07-30 09:09:55,Suggestion,,,,Other Feature Request,0,False
60f21327-a0a2-4763-a95b-e78853b50b3a,NAVEED PITAFI,Instant Transfer,5,2026-07-30 08:59:17,Suggestion,,,,Other Feature Request,0,False
7b491070-5b88-4b94-9090-be32bb4ac795,Syed Farhan Kazmi,best App,5,2026-07-30 08:43:15,Positive,,,,,0,False
c33952ca-df1e-49b5-a6d6-81793d5b5076,Faisal Arshed,Give the option to disable the loud payment sound. It's annoying as hell and alerts everyone in the vicinity that you've just made a payment.,1,2026-07-30 08:08:37,Suggestion,,,,Other Feature Request,0,False
d0978f60-a759-4686-85a9-19b28b7b47e5,Faizan Malik,Excellent,5,2026-07-30 07:21:31,Positive,,,,,0,False
8bc34600-c2d4-4fda-82ab-bb4628b2b9aa,Naveed Khan,very best and easy app,5,2026-07-30 07:14:22,Positive,,,,,0,False
946590a4-ce55-4e9f-904e-3a89b641126a,ALI SUFI,Excellent Service 👍,5,2026-07-30 07:06:41,Positive,,,,,0,False
2a3a72a3-033f-4349-82c5-fc6b6f4a31cc,Zain Jamil,worst app is not working properly after logging in my profile and my accounts etc bar is in front and. didn't go back. I am unable to transfer from account,1,2026-07-30 06:27:31,Bug,Menu/Navigation Stuck (UI Freeze),,,,0,False
29117975-1d40-49b6-af18-312360616054,ali awan,What is this (The respective bank/Company you are trying to make payment is unavailable. Please try again after few hours) I am trying to open this app last evening,5,2026-07-30 04:35:57,Transaction,,Unspecified,,,0,False
b1e4bd16-f2d6-41f6-a404-9f3d8a9b018e,ISLAMIC SHEHZADI,"shukarrr ALHAMDULLIAH so good ,and easyy",5,2026-07-30 01:07:05,Positive,,,,,0,False
94b2c0e6-824e-4525-8f03-3727af3bd569,Arman Malik,good,5,2026-07-29 23:01:31,Positive,,,,,0,False
7da801d5-0c53-4663-90e6-180fd8682ab9,Maher G,nice app noce service,5,2026-07-29 22:33:58,Positive,,,,,0,False
a137c45d-b1c7-42ee-87c6-bd0c2a45fab9,Abdullah memon,best bank online and best atm services,5,2026-07-29 22:33:31,Positive,,,,,0,False
03314f67-523f-44a1-b5c1-864d73e9bb62,Shiza Sami,worst app,1,2026-07-29 21:49:00,Other,,,,,0,False
45db5b22-f104-435e-be1f-4384e6b8275f,Sohail khan,ok,5,2026-07-29 21:00:50,Positive,,,,,0,False
4a08beac-1133-4d31-a010-87d007d31575,rizwan ali,good🌞,5,2026-07-29 20:51:48,Positive,,,,,0,False
aa9e9b8e-6680-4598-832a-253f87b5f5be,Abdul Hadi,"For such a major banking app, it's surprising that Sialkot isn't even listed as a city during the account creation process.",1,2026-07-29 20:38:14,UI/Design,,,UI Element Misalignment,,0,False
7a7fa404-477e-44a7-bd59-60cb82f7c274,A S,No 1 Bank of Pakistan,5,2026-07-29 18:35:15,Suggestion,,,,Other Feature Request,0,False
ae6e6ad7-e099-45a1-a7e9-49b0dc185cc4,Malik Kashif,MEEZAN BANK KA WALA KA STAF ACHA NHI HAI ACHA SY BAAT NHI KARTA BANK MA JAO TO OR NA HE PROBLEM SOLF KARTA HAI OR LARII ALAG SY KARTA HAI MERA ATM CARD 2 MONTH SY UN KA PASS HAI LIKEN DA NHI RAHA BUBAT GANDA STAF HAI IN KI RAWAT KHOKAR MALL BRACH KA,1,2026-07-29 18:19:06,Transaction,,Card Management,,,0,False
347ebed4-e5f7-4f10-a0cc-71f3f680215f,Rana Rameez,getting this overlapped side menu and unable to perform actions on OnePlus Nord N10,1,2026-07-29 18:02:42,UI/Design,,,Side Menu Stuck (UI Freeze),,0,False
20598e14-36bf-4006-8c72-e0c7cfb266f7,Arslan Awan,best,5,2026-07-29 18:01:59,Positive,,,,,0,False
e010fc74-c600-4d8e-9af3-ad960264f58f,Mansoor Khan,good,5,2026-07-29 16:53:03,Positive,,,,,0,False
105b8226-4dcc-4789-84ce-7eb7a677585e,Umair Khan,great service,5,2026-07-29 15:44:55,Positive,,,,,0,False
0de390c8-bec2-4926-8bae-4a310ed29dcc,pub j lovers lovers,meezan bank very good,5,2026-07-29 15:42:31,Positive,,,,,0,False
dc28aaff-6706-4b6f-b731-30222f8a4529,Rana Riaz,Meezan Bank is the best bank,5,2026-07-29 15:29:12,Positive,,,,,0,False
6f45fae1-1f7a-4251-abc3-44359ddbcef3,Abuzar Khan,my favourite bank,5,2026-07-29 14:58:43,Positive,,,,,0,False
a5035298-79fa-4b19-a0e7-81860a588cc3,Ahsan bilal,good,5,2026-07-29 14:25:05,Positive,,,,,0,False
5887213e-fa63-4cc1-a2ab-0130b71ff01a,Farooq Farooq,ATM kaha mail gy,5,2026-07-29 13:27:44,Transaction,,Wallet/Bill Transfer,,,0,False
0447f06c-8799-40d9-8d7b-43528ef148cd,Muhammad Hamza,very pathetic app,1,2026-07-29 13:11:35,UI/Design,,,UI Element Misalignment,,0,False
bf8733cd-9412-4b0a-a6c4-fe54395ed515,Sajjad Khan,👍 good,1,2026-07-29 13:02:13,Positive,,,,,0,False
90e03c7f-92d6-49c0-b5ef-c86f48d56afa,Syeda Dua Aamir,pathetic full of glitches,1,2026-07-29 12:30:31,Other,,,,,0,False
a7ee07b7-5b11-469a-8024-f9d7d4aef135,abaid khan,vey good,5,2026-07-29 11:37:28,Positive,,,,,0,False
76b4e008-7713-4d9e-ad4d-3b605190f78d,Rana Usaid Mustafa,Good,5,2026-07-29 11:04:48,Positive,,,,,0,False
34b8db9e-2923-48ee-ae6b-49fea5bc65db,H.U.KHAN,nice service,5,2026-07-29 10:58:57,Positive,,,,,0,False
330b4f52-37a1-4d5b-ad30-2fd7da1f9b38,بندہ عاجز بندہ عاجز,this app is not working properly at this time security reasons and breaches kindly review again at now,1,2026-07-29 10:52:13,Security,,,,,0,False
e8535c4d-aa2f-4e30-a300-59e60545b03b,Azan Ali,very good service,5,2026-07-29 10:35:23,Positive,,,,,0,False
a6991a2e-134b-4412-a8e3-5122810530b5,Engr Raheel,"there is bug in application for samsung note 9, navigation drawer open automatically after login application",5,2026-07-29 09:34:47,Bug,Menu/Navigation Stuck (UI Freeze),,,,0,False
afabc067-8340-4ce0-9cd6-8a43c019d0fe,qais Jutt,Great service,5,2026-07-29 09:07:20,Positive,,,,,0,False
f18c35c2-c581-4f11-964d-00889985c3f4,Inam Ullah,to easy,5,2026-07-29 08:32:31,Positive,,,,,0,False
1ee20609-4b2f-417e-a3f0-02a6c16ceb02,Rafi S Ahmed,currently I am facing Issue while using this application. Please call to discuss the issue which I am facing.,2,2026-07-29 07:57:03,Suggestion,,,,Other Feature Request,0,False
053f504e-401d-44dc-bad2-667b8b688786,Manzoor Hussain,good,4,2026-07-29 07:47:56,Positive,,,,,0,False
217cb253-6d70-4314-bf81-bc379cd3c898,Muhammad Akram,good,4,2026-07-29 07:46:55,Positive,,,,,0,False
b5a90cd3-d266-449c-a151-03d98f624a81,Rayyan Sheikh,in ki app bohat harab sai chalti nai ha,1,2026-07-29 06:57:58,Suggestion,,,,Other Feature Request,0,False
15443b41-9243-45a3-9f71-079c2dc5af5c,Irfan ali,when I open for payment required update now days not working in emergency for payment app not working properly required update everytime 🥺,1,2026-07-29 02:44:49,Transaction,,Fees/Charges,,,1,False
74050e53-fb10-4c4b-b14f-eab2b176b4cd,shafaqadeel,Very good app easy to use iam satisfied,5,2026-07-28 23:52:33,Positive,,,,,0,False
c63a293e-b5fd-40af-a391-9a524c061644,Muhammad Adnan khan,not working new update,1,2026-07-28 20:20:46,Bug,Unspecified,,,,0,False
7012280f-476c-4f7a-86b2-69f56f8dbbf2,It's pretty Angel,very nice,5,2026-07-28 19:58:35,Positive,,,,,0,False
762da968-c9e7-4e96-8211-b0c47dc78f3e,Umair Jatt,very good service,5,2026-07-28 19:12:29,Positive,,,,,0,False
ec244002-a7eb-4ab8-882e-e8112832d39f,Syedshamoon 512,Nice,5,2026-07-28 18:19:44,Positive,,,,,0,False
1f77f741-0cd2-40bc-884a-7262d43d1d24,Mian Qasim,very good ☺️,5,2026-07-28 18:18:34,Positive,,,,,0,False
5ef15302-8c2a-4017-bffc-792dde181ef9,Ijaz Ahmad Khan,good app,5,2026-07-28 17:52:06,Positive,,,,,0,False
1c06d891-66bf-4840-ba3f-42be09ab13e1,Sumaira Jameed,I just make a new account but I was disappointed.. they didn't even applied for my ATM card and check book..,1,2026-07-28 17:10:52,Transaction,,Card Management,,,0,False
93f14c85-c8a7-49fb-8446-bf3786605546,Jam Ishfaq,i am satifaid serves meznan bank,5,2026-07-28 17:05:54,Login,,,,,0,False
387304f2-ade0-4066-8e6f-bb3664835b72,Ali Raza,mezan bank is good bank in Pakistan,5,2026-07-28 16:47:48,Positive,,,,,0,False
513f212c-5c7c-4865-a4d3-aeab07f8d0fa,Brew Coffee bar,mezan app isn't working for transsion,1,2026-07-28 15:56:16,Transaction,,Wallet/Bill Transfer,,,0,False
70d53534-12bf-4d3f-afba-f695d81e56a9,Ijazulhaq Bhatti,very good,5,2026-07-28 15:33:13,Positive,,,,,0,False
43f71746-2824-4568-ab08-b6cfc137e374,Muhammad Ahsaan Ul Haq,"Very disappointed with the Meezan Bank app. As an Islamic bank customer, I expected better reliability. > Frequent transaction failures, especially around month-end. Raast ID transactions often don’t work, and customer care advised using IBAN with charges instead. > For a bank that claims Shariah compliance, pushing customers to paid alternatives when free options fail is concerning. > Please fix the app stability and Raast service.",1,2026-07-28 15:24:31,Transaction,,Fees/Charges,,,0,False
cbed26c3-9071-4424-83cc-3302baf84ddb,Adnan Nizami FCA,"its crashing number of times as if this is worlds first mobile app.please spend some good money and hire credible developers with international experience of Risk mitigation,Im thinking to swith over to other banks for RDA acct.",1,2026-07-28 15:07:50,Suggestion,,,,Reduce Update Frequency,0,False
515cf12d-7b80-4a0e-8417-a55bb143bb16,Jamshaid Jamshaid,excellent,5,2026-07-28 14:52:38,Positive,,,,,0,False
0056faef-ca88-489c-8080-713841c40b22,ZAHIR SHAH,nice app,5,2026-07-28 14:50:14,Positive,,,,,0,False
4d680c27-c383-4fc4-8f48-0afbea078daa,Syed Tauqeer,great,5,2026-07-28 14:33:29,Positive,,,,,0,False
88ee505f-a9f4-40ab-8d37-0a727ea8f479,Qaisar Waqar,excellent,5,2026-07-28 14:33:08,Positive,,,,,0,False
9c8afb2d-abb8-454d-9e06-de659d6112cb,Syed Mohammed Bin Khalid,payment is not transferring from my account to anyone else account,1,2026-07-28 14:18:17,Transaction,,Card Management,,,0,False
929f6d12-5e46-49d7-8e16-8f1088f72b63,Hassaan Anwar,"As a dev, i need developer options and accessibility settings which this app forces me to turn off... this is extremely lazy development, no international banking apps follow these methods",1,2026-07-28 14:01:15,Other,,,,,1,False
846a0247-9c82-42e0-b2ff-770544cc663c,Waqas Muhammad,Waqas Muhammad 🙂,5,2026-07-28 13:11:13,Suggestion,,,,Other Feature Request,0,False
572a0f19-3bd6-4030-9fa0-bbfd80fc2a6b,Qasim Ladla,good luck,5,2026-07-28 13:05:38,Positive,,,,,0,False
8d833060-9e7c-4131-8ef2-7980c0257c8e,Allah Ditta,GOOD BANK,5,2026-07-28 13:01:04,Positive,,,,,0,False
ffc326b3-2eb0-451e-8ca0-8363e2640f12,Mirza Ahmad,app isn't working properly,1,2026-07-28 12:18:20,Bug,Unspecified,,,,0,False
1abc9c99-9536-4daa-a2a2-17ecec97711b,Kamal King,nic,5,2026-07-28 12:07:44,Suggestion,,,,Other Feature Request,0,False
6ecbc032-1c36-447b-be18-ba44bd14ef93,Muhammad Rashid,good,5,2026-07-28 11:13:07,Positive,,,,,0,False
726b810e-0b91-4a8a-8de9-5ded4b53afeb,Maqsood ali Shah,Very Good Bank 😍😍,5,2026-07-28 10:46:12,Positive,,,,,0,False
16a4ed2f-520f-4253-af4b-73f6a3834b68,mali0016 gb,bad app,1,2026-07-28 10:43:46,Bug,Unspecified,,,,0,False
ed55221c-c012-401c-93eb-47c2a3a67b2c,muhammad zain,good,5,2026-07-28 10:20:37,Positive,,,,,0,False
2b05073c-79bb-4aa1-abe8-e89124dbb030,Yad ullah,"My online transactions work fine, but I suggest making OTP mandatory for all online Visa card transactions. If my card is lost or stolen, it could be misused without OTP. Please consider adding this security feature.",1,2026-07-28 10:03:35,Security,,,,,0,False
66842e64-7467-4562-89b6-915365754881,Jawad Khan,best service always,5,2026-07-28 09:33:25,Positive,,,,,0,False
8b0f8bd7-8ade-434a-b6c5-ae069e720882,Muhammad Munawar,exilent,5,2026-07-28 08:16:43,Positive,,,,,0,False
5b0ae3c0-d53c-4208-a4d7-725eb79e507b,MuhammadRayan,🤍,5,2026-07-28 08:05:12,Other,,,,,0,False
cac4227e-10d4-4fc0-91d0-b39f6fe1f07c,Abdul Rehman,Excellent service,5,2026-07-28 07:20:55,Positive,,,,,0,False
a7fa6dcf-804c-48c5-b7e8-b7db0d97e332,STC IMRAN,well done Habibi 👍,5,2026-07-28 04:16:02,Positive,,,,,0,False
94cc1b6b-fd1d-4388-93f9-bc5eb3c1ad08,Sheeraz Kazmi,any possibility to launch an updated app only after proper ATP? 1 have complaint a week ago still issue is there cannot transfer between own accounts !!!,1,2026-07-28 01:42:43,Login,,,,,0,False
593bbcf4-42c3-4f8d-a3ab-f508560b87bf,zainab Fatima,good 👍🏼😊,5,2026-07-28 00:42:45,Positive,,,,,0,False
94e33585-14d1-4577-8da9-50827717cda4,hammad Sarfraz,"I've been using the Meezan Bank mobile app for my daily banking, and my experience has been very positive. The app is easy to navigate, transactions are processed smoothly, and I can transfer funds and pay bills without any issues. It's convenient, reliable, and saves me from visiting the branch. Overall, I'm satisfied with the online banking service.",5,2026-07-27 22:07:41,Positive,,,,,0,False
1f1780d4-58ff-4fcc-9a44-bcf539c18dbb,Umer Nadeem,good,5,2026-07-27 20:46:47,Positive,,,,,0,False
b7b5693d-a6ed-4c88-8cb0-a76a4c2b83f8,Azhar Aftab,regular updates are very disturbing,1,2026-07-27 19:14:24,Other,,,,,0,False
527bf2a3-8d9b-4014-a53c-2afcb9a60651,Mahreen Usman,ok,1,2026-07-27 18:59:28,Positive,,,,,0,False
7e9ac75e-b7ef-41da-94f9-f56998a8ae19,Nadia Qureshi,very very bad experience Call kro to 10 mint tk koi helpline pr call nhi uthata ha or phir utha le to adhi BAAT sun kr kaat dete ha very bad,1,2026-07-27 18:57:25,Suggestion,,,,Reduce Update Frequency,0,False
a5e3f998-2843-4104-a8e3-2f5c40fd1641,Ismialjoyia133,very nice banking app meezan Bank,5,2026-07-27 18:49:54,Positive,,,,,0,False
3c8fd25e-f82f-49dc-afd3-bd745a0221f6,Sami Naich,good 👍,5,2026-07-27 18:20:53,Positive,,,,,0,False
651a456f-1a0d-4b20-a283-2308a66c15d2,Bakhtawer Shahid,"I had a very bad experience with Meezan Bank. The app showed ""Can't process payment"", so I tried again. Instead of failing, the amount was deducted twice, and the receiver received both payments. I also tried calling customer support, but I couldn't even find an option to register a complaint. This caused a lot of stress and wasted my time. I expected much better service from such a well-known bank. I hope this issue is taken seriously and fixed soon.",1,2026-07-27 17:24:44,Other,,,,,0,False
45196ad5-25a0-4d8d-b526-a7ba0fb2a05b,Mr's Ali Khan,meezan bank app Mera open hi nhi hota h bar bar timer lagjta h Mai preshn Hogi hon bilkul is trha se k ESA q hota h,1,2026-07-27 17:13:23,Suggestion,,,,Reduce Update Frequency,0,False
e7efd69a-2db2-4463-bd5a-858e85511988,Amir Islam Khan,good,5,2026-07-27 17:12:06,Positive,,,,,0,False
789cf771-1376-4c5f-93fe-924cfb1eae3f,sufyan chuhdry,"It's slow ,auto close when signing in",1,2026-07-27 16:51:56,Login,,,,,0,False
bee7a620-9b64-4d4e-a9e2-796888010c82,M ashraf,good,5,2026-07-27 16:38:43,Positive,,,,,0,False
01954ccc-9d8f-4608-bd12-ac337cf01a38,adilhashim hashim,open account,1,2026-07-27 15:54:25,Login,,,,,0,False
a5bce40c-417d-4919-9961-f0b346a8ca99,Gulle Zahra,help full,5,2026-07-27 15:29:36,Suggestion,,,,Other Feature Request,0,False
82183952-ee85-4c48-a2bf-12a9b29c35b6,Rana Waqas,good,4,2026-07-27 15:25:02,Positive,,,,,0,False
3afdd785-2178-4b1a-a5f1-1fd7bbbd6bc4,Hayat Umar,it was so smoothly interface and all activity under ur fingers,5,2026-07-27 14:59:29,Positive,,,,,0,False
f762c8a2-f94f-4a38-98fe-df93a90bd00b,Saif Ullah,bhut easy app hai,5,2026-07-27 14:20:15,Positive,,,,,0,False
93fdb971-7b5e-4418-b1f5-8b259a643fe9,Ibrar,"This app is the result of incompetent developers that have no idea how to build around user experience. If you have any sort of impairment and need to use this bank, good luck because they will ask you to disable ALL accessibility settings to be able to use it. Not only that, if you use a password manager for security reasons, good luck because you cannot paste a password for ""Security reasons"". Using this app on a daily basis is outright impossible.",1,2026-07-27 14:18:17,UI/Design,,,Redesign to Look More Bank-like,,0,False
96a2353c-9606-45e7-8c93-ecd925d18836,Ammmar Taunsvii,I have received a money from another account 35000pkr . This amount can't transfer anyone. I call helpline again and again to solve my issue but not solve my issue . Don't make a meezan bank account. try to avoid.Thanks,1,2026-07-27 13:53:02,Transaction,,IBFT,,,0,False
c5cf0b0a-826b-41dc-9cd7-f65807dabea6,Danish Sager,very nice app,5,2026-07-27 13:20:35,Positive,,,,,0,False
7094ebc4-c62b-4e7f-883c-8b40e83f5652,MHKHAN MHKHAN,good bank,5,2026-07-27 12:20:12,Positive,,,,,0,False
08649cf8-1bc3-4d82-b397-77278fc76634,Jawad Jan,Now adays Whenever I open always shown error,1,2026-07-27 12:08:04,UI/Design,,,Unspecified/General Complaint,,1,False
00f57d67-d404-40a0-a0fe-120611338023,Huzaifa Ijaz,excellent 👍,5,2026-07-27 12:04:07,Positive,,,,,0,False
d7b3f824-a28e-4d1f-b741-a48ffc4f27d1,muhammad waqas,NOT GOOD APP ALWAYS ERROR TO WRITER NEW USER,1,2026-07-27 11:28:59,UI/Design,,,Unspecified/General Complaint,,0,False
7be949a6-f035-4ecd-a83f-f71746478713,Nisar Ahmed,I think new update has bugg. while i am trying to remove three dot option from the screen but this is not removing....,2,2026-07-27 11:25:22,UI/Design,,,UI Element Misalignment,,0,False
abdc72c5-b413-4064-be5e-1f6f5c41f46d,Saeed Ahmed,excellent,5,2026-07-27 11:06:16,Positive,,,,,0,False
b76466f7-7e08-497e-8437-81bfaa7a2913,Mohib Khan,it's amazing app 😍,5,2026-07-27 10:18:36,Positive,,,,,0,False
5ef700e6-5024-4d3f-8eca-83a1b4151b92,Hammad Haseeb,very nice and easy and good service,5,2026-07-27 09:23:03,Positive,,,,,0,False
960cf888-223c-4752-a44c-e4b68c922115,Naresh Raja,I am using my mezaan bank account but I don't know about that My payment cutting issues,3,2026-07-27 09:05:13,Transaction,,Fees/Charges,,,0,False
c5716b36-450c-4c57-8137-9ccef5bad2d4,Syed Ali Raza,The worst mobile banking app I have ever used.,1,2026-07-27 08:46:33,UI/Design,,,UI Element Misalignment,,0,False
01fa502d-fa9e-476f-b17b-c8cc4a639795,Muhammad Abdullah,Muhammad Abdullah Very Good Life In Meezan Bank,5,2026-07-27 08:23:33,Positive,,,,,0,False
e56ab30f-1ad4-4348-af2e-a7ddc1e93a14,Ali Hamza,good working,5,2026-07-27 07:38:02,Positive,,,,,0,False
84fa17ac-d97f-4278-a32f-ba79d19e25f0,Danish Khan,good 👍,5,2026-07-27 07:31:33,Positive,,,,,0,False
f5a0d7a2-f759-4428-9a1d-a048c9c3425e,Ayaan Aaskani,Good app,5,2026-07-27 07:28:29,Positive,,,,,0,False
17142f9c-7fab-4766-b891-3193c70a96f0,Jahangir Khan,Good,5,2026-07-27 05:30:25,Positive,,,,,0,False
f91f05ad-00bb-411d-be1c-7ffd89824162,Irfan ali Soomro,this is so easy,5,2026-07-27 05:25:52,Positive,,,,,0,False
fdc45fa7-95d0-47a8-a4f4-749816a961fa,Usman Ahmed,Why Meezan Bank app has stopped working in Saudi Arabia?,1,2026-07-27 05:01:20,Transaction,,Wallet/Bill Transfer,,,0,False
7c987be2-9a8e-4546-aa24-505535c691aa,Zaid Khan,amazing,5,2026-07-27 04:09:29,Positive,,,,,0,False
ad3a6089-6e3f-4bfe-8b2b-a83ee1045421,Usman Haider,good work 👍,5,2026-07-27 01:26:43,Positive,,,,,0,False
44b28ad1-68ef-4a45-bffb-03d8fdf07afa,GHULAM HYDER,Very Good,5,2026-07-26 23:09:22,Positive,,,,,0,False
d58dd615-0d3b-41df-9f16-a7f1fdfb2098,Abdul Manan,"i have updated my app. and it get worse. everytime i open my app. a side bar option is blocking my view and access under beneath. all this happened after update. i uninstall and reinstall it several time, but everytime a side bar option appeared.",1,2026-07-26 22:38:15,Other,,,,,0,False
9fadc8fd-f620-4a11-ba38-2c651f48cc8c,M Sohail Rao,mezan bank is better bank service and good employment,5,2026-07-26 21:40:32,Positive,,,,,0,False
757d8931-844c-454d-9f62-40fc137a844b,Daood Cheema,"The app gets stuck on ""more option"" panel and won't go. I have tried deleting and downloading again but same problem persists..",3,2026-07-26 20:55:58,Bug,Menu/Navigation Stuck (UI Freeze),,,,0,False
b10c9f86-abbc-4c60-b1c8-09e447ca8bd6,Wasim Butt,good app. it's feature very easy and secure. thanks🌹,5,2026-07-26 19:08:10,Positive,,,,,0,False
382737c9-3bb9-43e5-bbb6-74bf5b942e42,muhammad shahrukh,nice,5,2026-07-26 18:20:32,Positive,,,,,0,False
5d8ac19f-3657-4100-abbd-bf08a63378f4,MUBEEN SHEIKH,Are you Guys out off of your mind?? Update in every 2 weeks???,1,2026-07-26 17:12:03,Suggestion,,,,Reduce Update Frequency,1,False
f622cd9c-8625-49fb-aebe-bccb1fa85a0b,Jawad Malik,best bank,5,2026-07-26 16:52:45,Positive,,,,,0,False
864517b0-3444-493a-9c3b-1e05236f67a4,Gohar Rana,good,5,2026-07-26 15:16:05,Positive,,,,,0,False
e7158471-1ebc-4c37-8d41-900217ead871,Fahad Wali,I have been using it for several years and now after the last update almost daily facing login issues. app is used basically for non working days or hours and every time when it's an emergency it stops working. very disappointed 😞,1,2026-07-26 14:51:43,Login,,,,,2,True
a2ffae1a-2d7a-479b-8e14-19e2ab82e330,Abdul Rasheed,meezan bank is best banking in Pakistan,5,2026-07-26 14:04:28,Positive,,,,,0,False
3b98f0a4-4e54-43e5-b436-eea2a9858dca,Asif Ali,"Should work on the theme of mobile apps. I am unable to add a beneficiary. The app says, ""A payee with this account already exists,"" but the beneficiary is not showing in my saved list. Kindly resolve the issue. Thank you.",5,2026-07-26 14:02:22,UI/Design,,,Unspecified/General Complaint,,0,False
a6dab9d4-5dc1-4573-b9ee-8f9bc00eb7fb,Muhammad Bilal,good services 👍,5,2026-07-26 13:49:52,Positive,,,,,0,False
4a9a323c-5b9f-4020-a053-c3812827061e,murtaza ali,good service,5,2026-07-26 13:28:14,Positive,,,,,0,False
0cd6d26c-d753-48e7-afb0-0bed81eadc94,m.sajjad 6,very good. services,5,2026-07-26 13:23:30,Positive,,,,,0,False
57725473-7700-4b78-9b27-a6e77594e32c,Ehsaan Khan,easy and safe,5,2026-07-26 13:17:05,Positive,,,,,0,False
52773232-878e-4b69-bd71-b223b60a02c3,Masta,good,5,2026-07-26 12:41:54,Positive,,,,,0,False
2fa7a031-04e1-44a1-9e83-06f5095cf02c,Syed Faizan,Good response .Better service.,5,2026-07-26 12:27:17,Positive,,,,,0,False
3d8b6a68-12ea-4e90-b120-f4eec2b99852,FARRUKH ALI ANSARI,best bank apps,5,2026-07-26 11:21:58,Positive,,,,,0,False
ba455a70-4d81-415b-9b8d-68738d5ee317,Umair Q,Nice,5,2026-07-26 11:13:17,Positive,,,,,0,False
908b4113-1822-4889-8783-61078c740dbb,Ghulam Murtaza,I am still waiting for new version of meezan bank mobile app because same problem again version 1.1.58 not working properly side menu bar issue still disturbing me please update in next version as early as possible,5,2026-07-26 11:06:56,Bug,Menu/Navigation Stuck (UI Freeze),,,,0,False
e6cbfef1-7216-46aa-8de5-bd817086c3b9,Coko moo,amazing app,5,2026-07-26 10:12:39,Positive,,,,,0,False
5c265e61-ed9a-47ad-a031-44fe3ef0f595,Muhammad Shan,amazing app amazing work,5,2026-07-26 09:53:52,Positive,,,,,0,False
a6b60574-a514-45ab-b17f-d4d9fba9d3f2,Waheed Ahmed,Excellent,4,2026-07-26 09:27:05,Positive,,,,,0,False
700494aa-9f0e-420d-b875-584cd444aeb6,Nabeel Qureshi,it is very easy app and send money pay bill,5,2026-07-26 08:40:57,Positive,,,,,0,False
56e63362-3321-456e-9a18-ba5933b2d926,Shagufta Kousar,payment transfer q nhi hoti name show hota account m aur transfer nhi hoti,1,2026-07-26 08:25:30,Suggestion,,,,Add Loan Feature,0,False
5d9e9e1d-7f0a-4cf3-866a-b303ad4d358e,Anees Hussain,good,5,2026-07-26 08:19:13,Positive,,,,,0,False
b804828e-65da-447b-a7bf-c421849b429f,Ali Raza,very good 💯,5,2026-07-26 07:48:12,Positive,,,,,0,False
b1531d80-9139-4585-ba04-379363b64d07,AJ Search,worst banking app,1,2026-07-26 06:52:19,UI/Design,,,UI Element Misalignment,,0,False
a8035bd7-3e14-4601-a42e-340ee9e4bea0,Wasim Akram,good,3,2026-07-26 05:53:01,Positive,,,,,0,False
0affeb24-82e7-4eed-9801-ebb0ec71f412,Hafeez Khan,nice,5,2026-07-26 05:10:41,Positive,,,,,0,False
422f901b-c240-4fdc-a8fe-16d1fea636cb,Muhammad Shafique,best app for send money,3,2026-07-26 03:50:17,Positive,,,,,0,False
6414dec5-2d2f-4844-8137-aee78f6c7353,Faizan Mehboob,Meezan bank Should modernize the app UI compare to other banks app in Pakistan.,4,2026-07-26 03:41:23,UI/Design,,,Modernize UI/Design,,0,False
46e0080f-cb52-4144-8e7c-63bc20b897a8,Naveed Shahzad,"Pathetic UI after the update. The side menu is OPEN and not closing taking up almost of the screen. Cant access anything other than from the list of side of menu. shame on u meezan bank limited ur bank, branch, branch staff and now app too sucks. Closing my account soon",1,2026-07-25 20:35:01,UI/Design,,,Side Menu Stuck (UI Freeze),,1,True
cbcb84cb-03f3-4817-88b5-559630245449,Ibraheem Khan,"very poor bank. I have send payment from Payoneer to this Meezan Bank be Link method, it has been 8 to 10 days but I did not receive the payment in Meezan bank yet. I have record my complain through call as well as on email. but still not get any response. I will never ever use this platform in future. please release my payment.",1,2026-07-25 20:05:48,Transaction,,IBFT,,,1,False
d6e38e7d-3362-4d32-aa11-87993a64940f,Abdullah Hashmi,easy to use but some times error right now aldo,5,2026-07-25 20:01:05,UI/Design,,,Unspecified/General Complaint,,0,False
13dff76b-cb69-4549-bd8e-20b1585626df,Abdul Aziz,amazing 👍,5,2026-07-25 19:53:29,Positive,,,,,0,False
f641bcce-cc00-44b8-a7f5-d58ef785657c,Yousuf Ali,good,5,2026-07-25 19:38:51,Positive,,,,,0,False
72be80b3-02f7-42d7-9295-d0ae986bedfc,Muhammad Zain,very good,5,2026-07-25 19:26:30,Positive,,,,,0,False
a3749e20-8535-4a0f-b7dc-ed17191b5a35,Nabeela sajid,very good,5,2026-07-25 19:15:03,Positive,,,,,0,False
30a15511-7ba2-45ea-92bc-02f4daf14c47,Usman Noor,Nice apps,5,2026-07-25 18:10:15,Positive,,,,,0,False
8952190f-9bec-49a1-ab3e-df56ad60011f,H.Abdullah Shahid,good Mazeen bank app,5,2026-07-25 15:23:42,Positive,,,,,0,False
f2e05c53-c94f-4a55-aed6-5808bb2eb34b,Ali Usman,good,5,2026-07-25 15:11:25,Positive,,,,,0,False
9c891e85-0bf3-42ff-aa7f-1ea04ea1a9f4,Muhammad Zia Kal,nearly it's down or not logging in for 6-8 hours a day. Meexan bank app issues are not finishing,2,2026-07-25 15:05:47,Bug,Connectivity/Login Bug,,,,0,False
3c3374ba-4f1e-4cc6-91b8-7911b9ca3582,Sherry Sheikh,good and us full app,4,2026-07-25 15:03:47,Positive,,,,,0,False
4fa0762e-a80f-4041-80c2-26ad980ac283,Daniyal Haider,it's god to me I m the customer of meezan bank,5,2026-07-25 14:26:43,Positive,,,,,0,False
5212e14b-872a-40f6-b3f7-419abc950c73,Shahid Ali,V.good,5,2026-07-25 14:25:23,Positive,,,,,0,False
497b77ee-c6fb-42f2-84cc-3abc85945fa8,Muhammad Asif,Sir Please Check Meezan Bank App We Try to Login In Huawei Pura 70 Pro and Huawei Nova 14 Pro Smartphone This Meezan Bank App We Inter Password And O.T.P After CNIC Capture Option we Touch Capture Option Not Convert to Direct Open Camera We Can't Scan CNIC Because Camera Not Open Only Stay Same Page CNIC Capture But We Touch Again And Again But Capture Not Open the Camera Solve the Issues We Can't Login Meezan Bank App so Please Check And Update This This Problem All Huawei Smartphone Have,1,2026-07-25 13:54:41,Login,,,,,0,False
985478b8-58da-4e25-9360-a47b0f411bee,muhammad umarramzan,very nice meezan Bank performance,4,2026-07-25 13:36:36,Positive,,,,,0,False
c1fd00f6-b347-42de-9db0-06e3e36d6a2f,Abu Mohammad,"The Meezan Bank mobile app is very smooth and user-friendly. Transactions are fast and secure. The staff at Allah Abad, Wazirabad GT Road branch is extremely cooperative and helpful. Highly recommended. 5 stars! ★★★",5,2026-07-25 12:32:31,Positive,,,,,1,False
0738b8a9-c4f5-412a-8192-765058463b18,mahmood mahmood,bad staff behaviour,1,2026-07-25 11:17:36,Other,,,,,0,False
546b0348-6460-4ed4-bd0a-3abc5490d8fd,Abubakar Riaz,good,5,2026-07-25 10:31:49,Positive,,,,,0,False
45cfc903-93e8-458b-ac94-ecd7881e5430,Ishra Bashir,very nice 👍,5,2026-07-25 10:20:43,Positive,,,,,0,False
b060e25b-0296-4b92-b801-5b60fe2a9abc,Muhammad Afzal,good,1,2026-07-25 09:13:42,Positive,,,,,0,False
c0839eb7-1c5d-4445-af39-20477d808a81,Asim Shamshad,Good Amazing App,5,2026-07-25 08:24:49,Positive,,,,,0,False
115a3e0c-e1ea-4d23-84af-d1e3eaf7472d,Umer Daraz Khan,Amazing app.. amazing bank . Active everywhere and everytime,5,2026-07-25 08:10:22,Positive,,,,,0,False
031e1a10-892c-4343-a5d0-1fc07b7c6d10,Riffat Naeem,good,1,2026-07-25 07:46:08,Positive,,,,,0,False
8b8dd72e-ae38-4c82-a069-805d0e0ffa26,Ajjee Don,good,5,2026-07-25 07:44:59,Positive,,,,,0,False
0cc4f063-7911-47fd-9364-461839f245f3,Usman Khan,good,5,2026-07-25 07:34:33,Positive,,,,,0,False
2c639886-5b08-4623-8dbd-158e32200ffb,Wafa zakir jamali,nice,5,2026-07-25 06:49:50,Positive,,,,,0,False
a47fb999-1d1e-405d-804d-6f04658b4407,Rizwan Ali Khan,"Please introduce an account balance locking feature in the Meezan Bank app For example, if a customer has 12 Lakhs in their account, they should be able to lock 10 Lakhs so it cannot be spent They can continue using the remaining 2 Lakhs. Once the unlocked 2 Lakhs are spent, all transactions should automatically stop. This would be a great feature Add a 'Comments' option on the payment screen like Faysal Bank. Users should be able to type custom remarks when sending money. Please update.",1,2026-07-25 06:37:18,Suggestion,,,,Other Feature Request,0,False
90804ec0-8def-4665-a405-c7d1f98a16fb,Naseeb Ali,Excellent in digital & Other services,5,2026-07-25 06:03:22,Positive,,,,,0,False
d66587fe-96db-4752-a0df-ad1307acb2c0,Adil Ismail,good service,5,2026-07-25 05:28:28,Positive,,,,,0,False
4e59320c-2ea5-408e-9984-3c1c420eb5c8,Touseef Ahmed Ansari,Brilliant app,1,2026-07-25 05:19:09,Positive,,,,,0,False
6f581d80-f534-4830-96cb-a2fa73dae4ed,Nabeel Minhas,"What a hassle! It's been an hour trying to update the app, and it still hasn't finished updating. 😢 😡",5,2026-07-25 05:16:31,Bug,App Not Opening/Loading,,,,0,False
ff8f866b-28e3-4571-820a-b9c67e747b3e,Shafqat Ali,"app is good I have several time used card management but now I don't find card management option anywhere in mobile app. why, what is the reason. edited: problem solved ☺️",5,2026-07-25 03:57:33,UI/Design,,,UI Element Misalignment,,0,False
85d1cc0f-1a35-465c-8db3-f0b3d0357988,Muhammad Zeeshan,"​Dear Meezan Bank Team, ​I am lodging an urgent complaint regarding Meezan App's recent versions, including v3.3.13 and latest updates. These updates make the app completely inaccessible to blind users on Android (TalkBack). Controls, buttons, and transaction screens are unannounced or unclickable, breaking independent banking. ​We request you to: ​Fix TalkBack issues in all current updates. ​Test updates with blind users. ​Add proper accessible",1,2026-07-25 03:26:11,Suggestion,,,,Restore Screenshot Feature,0,False
dd6637b8-db88-440f-9684-d806a00ac672,Kainat Imran,گریٹ,5,2026-07-25 02:32:25,Suggestion,,,,Other Feature Request,0,False
5ad55e03-177d-4b5c-a5eb-c3afc597f581,Ali raza Magsi,bast mobile app Islamic,5,2026-07-25 01:30:50,Bug,App Not Opening/Loading,,,,0,False
4473a8ea-419c-43af-8ad3-9570e2b31040,Ibrahim Imtiaz,please remove profile and another of sign from right side,1,2026-07-24 20:51:30,Suggestion,,,,Other Feature Request,0,False
1ec7ebe5-8576-44b4-886c-6f4049197363,Saud Baig,this app is broken side tab is opening after starting application it's not going I can't open half screen functions please fix it immediately,1,2026-07-24 20:35:24,Bug,App Not Opening/Loading,,,,0,False
fb79236e-f189-4588-ac6d-3ade32808f33,Rizwan Nazir,Good experience but sometime it's not working due to maintenance or some other things 😔,5,2026-07-24 19:10:07,Other,,,,,0,False
a3e1ffd3-d1bd-42ad-9a47-4951565c3053,Zahid Shah,HAZECO bill show NAHI hota,5,2026-07-24 18:58:15,Transaction,,Fees/Charges,,,0,False
fde638c2-fbe7-4d6e-9380-0cf4c8fd868e,ijaz ahmad,nice,5,2026-07-24 18:50:51,Positive,,,,,0,False
813f7945-07d4-4481-b5f0-4ff9f9d977dd,salman rao,easy to use and only 5 minutes open my account.,5,2026-07-24 18:22:48,Positive,,,,,0,False
81aae20a-8ad8-4351-bd30-26377b3cf929,QASIM ALI HARRAL,great,5,2026-07-24 16:57:48,Positive,,,,,0,False
1517498e-2256-47a0-ab16-d6deec873001,Imran Webtech,poor UI,3,2026-07-24 16:49:41,UI/Design,,,Unspecified/General Complaint,,0,False
6e6e38ca-4d37-4c39-8c23-a9d117c7b4ba,Usama Prince,pkg topup not received,5,2026-07-24 16:37:16,Transaction,,Unspecified,,,0,False
43979cff-7403-4618-8685-485a2d2b42c8,Zaid Maari,ye kia masla AAra ha app me ap ki upper three dotes auto on ha Kuch b show nhi hora na transaction hori ha mene uninstall b kia but koi fiada nhi plz iss par kaam kia jaye shukria,1,2026-07-24 16:26:30,Suggestion,,,,Reduce Update Frequency,0,False
1f1ac0af-18f5-4942-b632-dc9b3d44e989,Husnain Ali,nice bank of meezan bank I like meazan bank,5,2026-07-24 16:11:37,Positive,,,,,0,False
05da5be0-a4c9-462b-a0e0-23b68282c465,Malik Zeeshan,very nice service,4,2026-07-24 15:37:00,Positive,,,,,0,False
af07b662-b2f3-41c3-abf9-4c6a051acfee,Aishahmirza,one of best banking in Pakistan,5,2026-07-24 15:35:14,Positive,,,,,0,False
a453f5aa-41f6-4299-9ffb-772efd353e18,Ameer Ali,bad experience,1,2026-07-24 15:04:08,Other,,,,,0,False
e6b9f736-238a-475c-a0f6-97d73f16004d,Malik vashal,good,5,2026-07-24 13:41:00,Positive,,,,,0,False
49e53cae-6c04-42c4-8a3c-eb9e53510fe8,Kiran Asif,it stops working every other day....... such poor service,1,2026-07-24 13:21:45,Other,,,,,0,False
77eede0e-2d66-4e77-a492-4b30ee19f345,Malik Jawad,good 👍 vip,5,2026-07-24 12:48:29,Positive,,,,,0,False
b7ca7734-1906-46a8-b53b-d0e70bdeb47b,Muhammid Naveed,it's a really good work 👍,5,2026-07-24 12:42:40,Positive,,,,,0,False
1fe212ac-8cd0-4834-82e4-10fc04cd0335,Waheed Akhtar,bogus app,1,2026-07-24 12:24:46,Bug,Unspecified,,,,0,False
d55c9951-a83f-486d-83b5-e4fad0b9a68a,Muhammad Bilal Hamza Sangrana,ok,2,2026-07-24 12:08:49,Positive,,,,,0,False
80275461-259b-450e-8c73-977946aaf15a,Farheen Nadeem,"Your app used to be better before, but your new app has way too many issues. It doesn't let me login, keeps saying the credentials are incorrect. On password reset, it doesn't verify the cnic with fingerprints or the image. On top of that, the data breaching, I receive emails for login attempts from other devices. This needs to be fixed, as it's causing trust issues.",1,2026-07-24 12:08:07,Login,,,,,0,False
9d98b85a-6a34-4a8d-adab-01e9174407bb,Syed Zain ul Abidin Sherazi,What is the purpose of force disabling developer options? when even the US companies not do that. hire better security devs,1,2026-07-24 10:53:04,Other,,,,,0,False
5c061882-4a1d-40e6-8920-b9b4f7e79f92,Rizwan Ali,All time best bank in Pakistan,5,2026-07-24 10:02:51,Positive,,,,,0,False
50a4bbec-7e1f-4391-94cb-6673604d8fc6,Rizvi wafa,"السلام علیکم اس بینک کی سروس بالکل بھی اچھی نہیں ہے جب بھی 5,000 سے اوپر پیمنٹ ڈالو تو 2500 کاٹ دیتے ہیں میرا تقریبا 8,000 رز کٹ چکا ہے ابھی تک",5,2026-07-24 09:59:41,Other,,,,,0,False
7882ec5f-b3e9-4535-8187-72eb91ad3f5e,Adnan Khan,👍 good,5,2026-07-24 09:42:26,Positive,,,,,0,False
b7e1521d-6190-41e7-9419-36dbe42e53d2,Adeel Hussain,"​Unacceptable Payment Delay & Poor Service ​Extremely disappointed with the payment processing service. My wire transfer was issued 4 days ago, yet the funds have still not been credited to my bank account. There is a complete lack of proper communication and status updates regarding delayed transactions. ​International transfers should not take this long without clear tracking information or support assistance. This level of service is highly frustrating and unacceptable.",1,2026-07-24 09:26:38,Transaction,,Unspecified,,,3,False
b51f8a4c-a5ab-453e-bedc-df03d4597c79,Yasir abbas,meezan app best service,5,2026-07-24 08:31:50,Positive,,,,,0,False
6cb49c23-d3d3-459d-8df1-a58b23bea982,Abdullah Khan,good,5,2026-07-24 08:09:38,Positive,,,,,0,False
5c862728-9ae1-4238-9317-8e96e5e72e01,faiza hanif,too much frequent updates everytime you log in theapp first you have to update app. wastage of storga and no change in features or facilities just update and fuller mobile storage .,1,2026-07-24 08:02:57,UI/Design,,,Unspecified/General Complaint,,0,False
333657c2-9c02-4f89-8f35-f0d7a61ea7b1,Abid shah Muhammad,"Dear Meezan Team, Why can you cannot just Update my CNIC its almost one month I cannot transfer 15th reminder email send to them I don't know why your management is sleeping I am keep sending emails to info and complaints .",1,2026-07-24 07:16:52,Transaction,,Card Management,,,0,False
a62b2cc5-f431-4999-8937-f30e0601ef67,Mr Ahsan,Best ever,5,2026-07-24 06:37:29,Positive,,,,,0,False
fc4f0204-ca13-41b4-a9cb-8eeae324d4e9,Mir khan Safi,This app is not working. Please solve the problem.,1,2026-07-24 06:35:07,Bug,App Not Opening/Loading,,,,0,False
e4e81543-4fa7-4f3b-aee5-b3d8a11436d3,BM Electronics,nice 🥰🥰🥰,5,2026-07-24 06:33:03,Suggestion,,,,Restore Screenshot Feature,0,False
ff4302c1-fb6d-4cbb-97f7-5d1c5ba98eca,Rana Jahanzaib,I like it meezan bank,4,2026-07-24 06:24:27,Positive,,,,,0,False
4042f5eb-7b80-407e-bb40-150cc0ec2924,Malik Nasir,good,5,2026-07-24 06:05:01,Positive,,,,,0,False
59b56c0b-b294-405b-805b-999b8b994b86,shahid abbas,meezan mobile app par adhay option nai a rahay please help,2,2026-07-24 05:58:52,Suggestion,,,,Other Feature Request,0,False
798053ef-cbe6-4b1c-b2a3-12b567a7fdd8,Usman Liaqat,after update its not opening.. I'm trying again and again but couldn't able to log in,2,2026-07-24 05:39:38,Login,,,,,0,False
22ce7ad6-3400-476a-9b4b-7f56da60f1b7,Jameel Khan,"smooth like you put money out from your wallet and give to others ,I never find any banking systems like this smooth,easy and efficient if more stars to rate ""Meezan Bank"" I will rate it all stars.❤️❤️❤️",5,2026-07-24 05:03:13,Positive,,,,,0,False
4c78e3dc-1268-463e-8ab7-9435bc6f0446,Malik Tanzeel,very good bank sarves I like meezan bank,5,2026-07-24 03:09:19,Positive,,,,,0,False
9237095c-89e1-417d-864d-f3a5bf40cc33,darweish Syed,har do din bad ye update ka scene fuzool he bhae..dubara se I'd pw hazar masle..ye kamzori door karni chaiye,3,2026-07-23 23:22:57,Suggestion,,,,Reduce Update Frequency,0,False
885e2b29-014c-4bfb-bc19-f8ab50bd0d55,shaban baig,"Dear Meezan Bank Digital Product Team, As a registered business account holder and a loyal merchant of Meezan Bank, I highly appreciate your continuous digital banking updates. I would like to highly recommend a crucial feature for the upcoming updates of the Meezan Mobile App / Merchant ecosystem: SoftPOS (Software Point of Sale) or ""Tap to Pay"" capability for merchants. Currently, small and medium business owners like us face challenges when customers (especially ladies or walk-in clients)",5,2026-07-23 22:23:11,Suggestion,,,,Other Feature Request,0,False
1ee5eaa4-8e9f-40e1-8b1a-91f095dbba8b,MUHAMMAD NAFEES,Excellent Services Ever 🤲🤲🤲,5,2026-07-23 19:27:19,Positive,,,,,0,False
e50ba51a-28c6-48fd-b231-3a04af9f5a31,Hayyan Khan,very easy and helpful App great meezan 👆🏻👍🏻,5,2026-07-23 19:10:28,Positive,,,,,0,False
a26da4ba-573d-45f7-a61b-cbc296474de4,ch aman,Excellent,5,2026-07-23 18:45:29,Positive,,,,,0,False
d85c4fd1-1d78-4b12-b38e-009fc3317c86,Mohammed Deen,Very nice app,1,2026-07-23 18:43:50,Positive,,,,,0,False
f99d4d54-11ff-49a3-b321-62467828fcff,amjad lala,👍,5,2026-07-23 18:29:13,Suggestion,,,,Other Feature Request,0,False
e4ca3f45-abda-4281-a0b3-fd3917b153a8,Sharmeen Fatima,"After the latest update, the app is not working correctly on my OPPO A12 (Android 9, ColorOS 6.1.2). After logging in, the left navigation panel stays permanently open, the UI is broken, and the menu icon is missing. The same account works perfectly on another phone.",1,2026-07-23 18:26:00,UI/Design,,,Missing Proper Logout Option,,0,False
d127ef54-b14e-459f-acfb-5e85a33e845b,Hadi Shah,I cant download meezan update what wrong please resolve the issue urgent basis,1,2026-07-23 18:18:19,Suggestion,,,,Improve Receipt Format/UI,0,False
e2c796b7-4792-45d0-85f4-2b42d8156cf3,Mati Ullah,"Very good App, Simple and easy.",5,2026-07-23 17:58:25,Positive,,,,,0,False
a2c8f66d-aed9-4e6e-b679-63b97b245e60,Shakeel Abbasi,i downloaded the app and my sidebar is opened by default and it's not getting closed by any way,1,2026-07-23 17:48:09,Bug,Menu/Navigation Stuck (UI Freeze),,,,0,False
c21bbf03-95e5-4546-8d30-cce8b27a5e52,Ahsan Zaheer,"UI Error, after logging in Left Side Menu is constantly on my mobile screen and not going away. I am unable to perform transaction and money transfers.",1,2026-07-23 17:26:11,Transaction,,Unspecified,,,0,False
96611671-51d2-4348-b50c-55ddf829dfc7,Muhammad Hassan,side menu is very disturbing it cannot close,1,2026-07-23 17:20:56,UI/Design,,,Side Menu Stuck (UI Freeze),,0,False
5888cdb3-1d67-4aea-8d1d-4ce54f427112,jozer abbas,not good daily upgrade required.,1,2026-07-23 17:00:00,Other,,,,,0,False
29701e5a-dca2-4037-8cf9-eb5b873a8dc3,Azadari E Hussain,ok,4,2026-07-23 16:58:59,Positive,,,,,0,False
fe0ef1ce-1ed7-4977-922a-efee575ea4c3,Tor Drak,bad server,1,2026-07-23 15:57:49,Transaction,,Fees/Charges,,,0,False
e1889573-a759-48da-879c-1733137ad40e,Shoaib Ahmad,payoneer is not working with this app,1,2026-07-23 15:57:17,Transaction,,Wallet/Bill Transfer,,,0,False
a5be0452-2683-4156-bbdc-4b17059498b2,Naseer Ahmad,very good,5,2026-07-23 15:08:03,Positive,,,,,0,False
14868d67-0e08-45a2-b82a-c8d225fc0a4e,Rahila Khan,good APP,5,2026-07-23 15:05:45,Positive,,,,,0,False
49e63dc0-1e9b-4901-a41d-15d1ae4d1c67,Pureum Fern,"I am facing continuous issues with the updated mobile app. It frequently gets stuck during transactions and is not working properly. But the overall service is much more reliable. My one concern is the restriction on taking screenshots. It becomes difficult to share error messages, last transaction details, or payment-related proof when needed. I kindly request that you reconsider this feature or provide an alternative solution. Thank you",5,2026-07-23 14:57:22,Suggestion,,,,Restore Screenshot Feature,0,False
267584fd-f660-4be1-b2ea-829b7d5f0c8c,Ahmed Raza Ch.,Worst Mobile Banking App ever! Every week needs a new update. Every day needs time for maintenance.,1,2026-07-23 14:40:37,Other,,,,,0,False
33c96b71-e8e3-4330-83c6-e8fc36024c2e,Rizwan khan,good app.Easy app for use.,5,2026-07-23 14:34:43,Positive,,,,,0,False
e7f30655-2572-4cb7-bb17-114f64a210e4,ADNAN Amin,nice bank,5,2026-07-23 14:23:41,Positive,,,,,0,False
6c9b2a13-abe8-4bd0-bc92-86527a2b03c9,Zainab Mazhar,"Such a pathetic app, facing login issues, facing errors while doing transactions for no reasons. It took so much time to login. Previous one was better than this.",1,2026-07-23 14:08:22,Login,,,,,0,False
0cc4d79c-cf20-4ff4-bd91-f43f9d7e2e69,Asif Ali,Easy way of opening Account and easy to use,5,2026-07-23 13:54:35,Positive,,,,,0,False
e1280b28-f922-4be5-a3a6-ce816f581d5e,umer farooq,"after update speed is better. but another problem is after transaction balance is not updating promptly. because of this , in confusion I send payment double. Alhumdullillah receiver was a good person. he send me back. please good persons are very less in society. please check this.",3,2026-07-23 13:41:37,Transaction,,Unspecified,,,0,False
12f430a3-3a8e-47c5-9ffb-5e0bbf491329,Daim Ali,💯,4,2026-07-23 13:38:27,Other,,,,,0,False
c02b82ec-b538-43c8-a791-c057805a560b,ahsan ali,bakwastareen Application aur aur bakwas Online banking Apni Marzi ki rules aur had se Zada kharab mara hua system.. last 5 days me Zindagi Haram Kardi hai meezan bank account ne,1,2026-07-23 12:34:01,UI/Design,,,Unspecified/General Complaint,,1,False
39350fe7-6bd1-4cc9-9dd2-7cd8a387fb76,Hafiz Saad Haroon,good,5,2026-07-23 12:17:25,Positive,,,,,0,False
1280a260-aad8-4146-aa57-639552515830,Hina Awan,I have issue with this app when I open there is a bug on main menu and I can't use app or do transection with others can some tell me what to do several time I uninstall the app but same problem accuring,1,2026-07-23 11:17:46,Bug,App Not Opening/Loading,,,,0,False
95214e83-e10b-467d-872f-d7e124ae60f3,Muhammad JUNAID,very good application,5,2026-07-23 11:06:52,Positive,,,,,0,False
01043c15-e101-4d99-9c40-f8435ab4c82a,Fun Toon,You change your settings. In emergency the apps told you update first. Rather than doing that transition and after this i should update the app,2,2026-07-23 10:41:36,Suggestion,,,,Reduce Update Frequency,0,False
a1cf133d-cc25-4d8f-9128-8e8f6a06dd6f,ARYAN AHMED,"I opened a Meezan Bank account and selected the Saryab Custom, Quetta branch. Then I got an SMS saying ""come collect your card."" When I went to the bank, there were some really useless people sitting there. One was saying it's the Karachi branch, another was making some excuse, someone else was saying something else. It felt really bad👎 I want to get this account blocked. I’m going to shift to UBL because their service is terrible. People were behaving so weird, like I was begging them for",1,2026-07-23 10:03:42,Other,,,,,0,False
9d9dc3c7-7cd8-4aba-badf-b135c80a3f63,Alina Bashir,There should be an option for update. It's quite disturbing to get stuck and wait for transactions because an update is required first. Please allow transactions even if an update is required. If someone has an emergency for fund transfer and is stuck in updating the app is quite risky.,2,2026-07-23 09:59:23,Suggestion,,,,Other Feature Request,0,False
d6a2a9dd-526a-4377-908d-b64b7a0119bf,Jehan zeb,Meezan bank fast bank,1,2026-07-23 09:46:37,Suggestion,,,,Other Feature Request,0,False
a08cb09d-a35f-43e1-80f6-8eb1fac0227d,M.Shoaib Ahmad,User friendly,4,2026-07-23 09:27:07,Positive,,,,,0,False
9ec96e76-b406-4d90-809d-cb0324171850,Haseeb Official01,good 😊,5,2026-07-23 08:36:06,Positive,,,,,0,False
fce4c656-2c67-435b-8fa6-cbea44c2bfdc,Haidar Ali,Its so worst now i update 5 times still showing you need to update latest version even am old user of Meezan bank,1,2026-07-23 08:08:39,UI/Design,,,UI Element Misalignment,,0,False
ab4c887a-6d9a-4bdb-a9a3-a50f2bdcd98a,asif. abbas,very good,5,2026-07-23 06:59:05,Positive,,,,,0,False
2fbd6578-3e19-4a39-b900-1a76d0d6ec19,DIL ROZ KHAN,Update issue,5,2026-07-23 06:45:13,Suggestion,,,,Other Feature Request,0,False
316401ac-c9af-4e88-b622-ba38fa1f774f,NOMI SEYAAL,easy to use,5,2026-07-23 06:44:25,Positive,,,,,0,False
a2da2b5d-6062-47fd-b350-1bfd72d5184a,Ghulam Aullah,Best app ever,5,2026-07-23 06:27:37,Positive,,,,,0,False
7b57ed4c-97c1-471d-879f-d8ca5ca5ccf8,Zeeshan Wahla,good,5,2026-07-23 06:25:12,Positive,,,,,0,False
42b13f61-8c13-42aa-a730-9809fd090f77,Mian Awais,good,4,2026-07-23 06:21:22,Positive,,,,,0,False
7d9385a4-767b-44cd-b29d-525b19e71799,Maryam Allad,Meezan app is not working it's been 3 days ... I called to complain they say I'll take 7 to 10 working days for the app tu update. How am I suppose to pay my bills and expenses,1,2026-07-23 05:56:26,Bug,App Not Opening/Loading,,,,1,False
d64c62f0-22e6-47d1-8727-a849a06d3ea3,Mubashir ali,glitch ara hai,1,2026-07-23 05:42:00,Other,,,,,0,False
d0d98850-38f3-48ea-9f72-b258daa71f69,Jason Bee,"Fix needed: App menu stuck on launch I’ve been facing a major glitch for the past 2–3 days. Whenever I log into the Meezan Bank app, the main menu (three dots menu) automatically pops open on the screen right away. There is no option to close or dismiss it, which completely freezes the screen. Because of this, I can't click anywhere or complete any transactions. Please fix this bug as soon as possible!",1,2026-07-23 05:08:40,Bug,Menu/Navigation Stuck (UI Freeze),,,,1,False
5aa5dbd2-aa4d-4318-979c-eae6d7c8fb29,Mohiz Ahmed,veRy VEry Fast Service Such A Amazing Bank,5,2026-07-23 05:08:09,Positive,,,,,0,False
1ac062c9-697e-434a-bf0f-ae9d92396e0e,Natural Tib Clinic,بہت مسئلہ آرہا ہے نیو وریجن انسٹالیشن نہیں ہورہی,1,2026-07-23 04:50:44,Other,,,,,0,False
ab2a99c7-fcfc-4888-8f3c-3ff504054f2b,Usman G,Bilkul bKwasss koi b account na khulye Bank charger b deny hogy. bhai sab,5,2026-07-23 03:29:21,Transaction,,Fees/Charges,,,0,False
ac6839df-d98e-4ca8-85ee-e33c2e6cbe1e,Khan Saheb,nice,5,2026-07-23 02:59:34,Positive,,,,,0,False
d8ba6121-1008-4139-85d3-866ecbb3de22,Hania Imam,updating every month is tiring .it takes a lot of space. I have to delete important memories of my kids to create space for updates,3,2026-07-23 00:22:29,Other,,,,,0,False
dacb7a54-ecdf-4013-8799-16ecf8000b31,Junaid,fast and quick transaction. smooth app. good experience. without any glitch. 😍,5,2026-07-22 23:49:04,Positive,,,,,0,False
2f1fe343-ee56-474e-a9b6-fec664e6f606,Huraira Sajjad,"Hey team, If you already gave the option of manage themes so please also give the access as well😒😒",3,2026-07-22 22:53:14,Suggestion,,,,Other Feature Request,0,False
664f1653-9097-47a7-b3ee-acc9582f4158,Safi Ullah,good,4,2026-07-22 22:22:28,Positive,,,,,0,False
33b5dfb0-f7f1-45fa-819a-10dff8019422,Asif Ali,No words for feedback it's No 1 bank in pak,5,2026-07-22 22:19:55,Positive,,,,,0,False
ff0628c3-9903-4860-a304-5c32c24cb025,Aqib Ali,I am facing issue regarding linking my Raast ID I am unable to link Raast I'd whenever I'm trying to linked it with my registered mobile number I am facing issue like system cannot process the request currently please try later I'm facing this issue since last five months plz it's humble request from my side resolved this issue as soon as possible.,5,2026-07-22 20:54:25,Suggestion,,,,Other Feature Request,1,False
573d0f1e-e1da-4553-af18-2ee5431a7b6b,Kashif riaz,poor,1,2026-07-22 20:19:04,Other,,,,,0,False
7f849f0e-2ba8-4321-a223-fa1c5a4c62d9,Diljale Zabil,need daily or weekly updates it's not good if you are going to pay at the spot it need update take much time and space,1,2026-07-22 20:15:15,Other,,,,,0,False
39f02181-1df8-4aeb-9ab8-04dc41ef7b20,Mohsin Raza,نیو ایپلیکیشن بہترین ڈیزائننگ بہت اچھی ہے,5,2026-07-22 20:03:06,Other,,,,,0,False
30087f9c-fb7e-4b8c-b694-4bc4b4fd2ad0,Salam moeen,"Assalam o Alaikum The Meezan Mobile App is good but it forces updates too often. This caused me trouble today. in an emergency, if you need to transfer money urgently and the app asks for an update, you get stuck. And if the internet is also not working properly, it becomes even worse. I faced this exact issue today. kindly don’t make updates mandatory so frequently. Rest of the app is fine. Thank you.",4,2026-07-22 19:29:30,Other,,,,,0,False
76687953-082b-4e0e-82f4-c9b8aac09f27,my clip,super good,5,2026-07-22 19:09:06,Positive,,,,,0,False
a0c6af97-c56c-45bf-8fdc-2d8989c777f6,Farhad basit,محترم میزان بینک ٹیم، میزان ڈیجیٹل موبائل ایپ کا پرانا ورژن بہت بہترین تھا۔ وہ تیزی سے کام کرتا تھا اور استعمال میں بھی بہت آسان تھا۔ لیکن نئے ورژن کے آنے کے بعد ایپ بار بار لوڈنگ کرتی ہے اور مختلف فیچرز کھلنے میں کافی وقت لیتی ہے، جس سے صارفین کو مشکلات کا سامنا کرنا پڑتا ہے۔ اس نئے ورژن کو آئے ایک سال سے بھی زیادہ عرصہ گزر چکا ہے، لیکن افسوس کہ یہ مسئلہ اب تک حل نہیں ہو سکا۔ براہِ کرم اس مسئلے کا جلد از جلد جائزہ لے کر اسے حل کریں تاکہ صارفین دوبارہ پہلے کی طرح تیز، ہموار اور بہتر سروس فراہم,1,2026-07-22 17:54:24,Other,,,,,0,False
afee742e-1c01-49a4-b934-3b6cb96684f0,MURTAZA AHMAD,"well every time I try to login in new device I bought , they malfunction in login not recognizing fingerprints and other methods always take days or two. about using the app it's easy I request you to fix the problem",3,2026-07-22 17:38:23,Login,,,,,1,False
28aecba8-114c-4777-a56b-5c02a0e1aaa1,kaleemkhan _07,"Facing issue of a glitch after updating the app, had to transfer some amount urgently but as soon as i updated the app the side bar menu got stuck on main home screen and blocked all the banking options after trying again n again it's still not closing the side menu..",2,2026-07-22 17:29:50,Bug,Menu/Navigation Stuck (UI Freeze),,,,0,False
ae7726c2-586d-4dde-b12f-f85a5960862c,Malik,very good,5,2026-07-22 17:28:57,Positive,,,,,0,False
cd0363d1-80ef-4909-8833-cb0dbb7691c0,Dilawar Khan,nice too 🫶❤️,5,2026-07-22 17:02:10,Positive,,,,,0,False
c4023778-6b16-447a-a936-3b5c1ae23e6a,Umaima 25,why can't i paste passwords/use password manager to input password? security mera lun bc,1,2026-07-22 16:55:18,Security,,,,,0,False
5a876570-9e13-4cc3-ba76-e89fe096ad61,Muhammad Tayyab,all is good Masha Allah,5,2026-07-22 15:55:32,Positive,,,,,0,False
c6251f01-d23a-4319-b3df-356894965fe6,Adil Yaar,finger print scan system and cnic scan system not working,1,2026-07-22 15:48:12,Login,,,,,0,False
01ada83d-f135-42d0-97ed-a40572a640d6,Asad Hussain,good,5,2026-07-22 15:38:32,Positive,,,,,0,False
a6fd4f27-c702-4f2b-9a47-371df1dc8177,Noor ul islam Akcent,best,5,2026-07-22 15:12:28,Positive,,,,,0,False
b3af51f7-bc07-4b43-9ffa-a181981078b2,Sami Ullah,good experience,5,2026-07-22 15:04:48,Positive,,,,,0,False
86a705a7-30ca-42e6-a304-e07a52d4f0cb,Atif Ali,"Excellent banking app! Smooth, secure, and very easy to use. Fast transactions, a clean interface, and reliable performance. Highly recommended!",5,2026-07-22 14:41:17,Positive,,,,,0,False
db57bb5f-8b14-469f-8adc-2bd209c48e82,Habib Rehman,i love Meezan digital app great service,5,2026-07-22 14:34:46,Positive,,,,,0,False
5b4f3a8e-8315-4534-a315-780d4ceb6fd2,Ali Aftab,"Easy and convenient , best for students !",5,2026-07-22 14:08:07,Positive,,,,,0,False
c8064524-6926-478a-9e90-79fd2f3b37a3,Shahnawaz Khan,zabardast,1,2026-07-22 13:41:26,Suggestion,,,,Other Feature Request,0,False
b81909ca-19f8-43b1-8bc1-94bacaa20273,Bibi Shakeel,very good service mashallah thanks regards,5,2026-07-22 12:45:29,Positive,,,,,0,False
cda33763-c8cc-4756-a42e-86d0a129d86a,Ali malik,Best Bank Service In Pak,5,2026-07-22 12:29:51,Positive,,,,,0,False
45c25cf8-bb83-434d-b380-b821542b85de,Amab Shabbir,When i update my app so always appear vertical pop up Window in front of my app and I'm unable to use the option behind of it.,1,2026-07-22 12:01:00,UI/Design,,,UI Element Misalignment,,0,False
d04448bf-adfe-4959-a6e7-c293b7dce08e,Timmer Gul,satisfactory,4,2026-07-22 11:45:18,Positive,,,,,0,False
bd341487-65d5-48dc-bea9-4256ae30fd74,PTI Rehman,best aap,5,2026-07-22 11:18:46,Positive,,,,,0,False
09f97465-c02e-48f3-9ba9-7c49a4d401d5,Ghulam Mustafa,wow that's amazing,5,2026-07-22 11:11:36,Suggestion,,,,Other Feature Request,0,False
aaa2bfb4-d51a-496f-bfd5-0ad4d5eeac8a,Hammad Siddiqui,Not running properly,1,2026-07-22 11:09:09,Bug,Unspecified,,,,0,False
822d94bd-b4ad-4d70-b929-f77027c8d5b3,Fawad Hanif,❤️,5,2026-07-22 10:42:48,Positive,,,,,0,False
eb508d4f-c5b6-4e3c-ac05-3fa70d57ace2,sheeba ather,update issues,1,2026-07-22 10:38:32,Other,,,,,0,False
18475c32-6f60-4aed-975a-b448ecfd7516,تقوية الايمان,mezan app update issu plz resolve it this is a desterbing issu for transfar money,5,2026-07-22 10:35:36,Transaction,,Fees/Charges,,,0,False
b0fa59ed-30ca-481c-8cf4-813149338a3a,Hira Ahad,app is not installing in my phone,5,2026-07-22 10:24:58,Bug,Connectivity/Login Bug,,,,0,False
6f6dd270-6298-41a5-9026-afe7d9d15976,Mohsan Sattar,very good,5,2026-07-22 10:20:58,Positive,,,,,0,False
66b255f2-9cbb-40de-81d2-c842e4cecce8,Hamza Tariq,good and best app,5,2026-07-22 10:08:59,Positive,,,,,0,False
222d699c-1f07-4117-8d1a-838ed6c4de22,Mushsraf Ali Faisal,feel easy and fast service,5,2026-07-22 09:25:32,Positive,,,,,0,False
e3c787df-93eb-4755-901a-16f453892058,Adeel Javed,I am unable to carry out biometric verification. App freezes while taking picture of my fingers. unable to proceed. Samsung A57,1,2026-07-22 08:04:52,Login,,,,,0,False
9260452b-4b36-4eeb-a610-08f06718b656,Nasirhussain Chohan,best service,5,2026-07-22 08:00:35,Positive,,,,,0,False
65a5752b-4a8d-497f-9a42-32cc515a6c4d,Khaista Rahman,good👍,5,2026-07-22 07:28:55,Positive,,,,,0,False
6af43995-43e5-4936-bc94-61c1901767b3,Naveed Hussain,Excellent 👍,5,2026-07-22 07:26:51,Positive,,,,,0,False
2d07f243-dd24-4de3-aa83-43506c5659cd,Deepdive,Kya bakwaas third class app hai. kabhi UI ka masla kabhi login ka. Is app say team ki jahalat ka pata chalta hai aur sifarshi logo ka.,1,2026-07-22 07:17:04,UI/Design,,,Unspecified/General Complaint,,0,False
8ffc0ad3-7bed-4afe-ba65-427d1b0e4e35,SAAD SALEEM,worst bank ever. hamesha galat time par app down ho jati.,1,2026-07-22 06:58:47,Transaction,,Wallet/Bill Transfer,,,0,False
1752bf29-aa18-46a3-8743-89982848ef92,Rana Kashif,good app,5,2026-07-22 06:56:27,Positive,,,,,0,False
65b8d9d7-da9c-4b4b-8dc7-bd9cf7c3e658,Abdullah Virk,ui should be improved,3,2026-07-22 06:55:12,UI/Design,,,Unspecified/General Complaint,,0,False
bd0e6557-ef16-4dcf-b79a-3055fd6247a9,Ibrahimkhilji GouriSahab,its to easy use and make a transfer is to much easier than others,5,2026-07-22 06:36:55,Positive,,,,,0,False
a0b8fe06-07cb-4283-8d82-94e6c9cbc6ba,Maryam,every second day app indexing issue and I don't login my meezan bank app so please solve the issue of indexing,1,2026-07-22 06:35:17,Bug,Connectivity/Login Bug,,,,0,False
baf9d76f-8400-4b46-bccb-36b80cfea2ea,Tanzeel shaikh,بےکار ایپ اور گھٹیا بینکنگ سسٹم کبھی ایپ چلتی ہے کبھی نہیں بینک کا اسٹاف بھی گھٹیا۔ پچھلی مرتبہ بھی آپ سے شکایت کی تھی آپ کی موبائل ایپلیکیشن کام ہی نہیں کرتی کوئی ڈھنگ کی ایپلیکیشن بنوا لو مہربانی ہوگی۔۔۔۔ Review update جناب بہت ہی گھٹیا سروس ہے آپکی بس گالیاں دینے کو دل کر رہا ہے سہی پبلک کو چے بناتے ہو آپ۔۔😡😡😡 please wait fetching your device details کا کل سے میسج آرہا ہے بی۔سی کوئی کام ہی نہیں ہو رہا,1,2026-07-22 06:30:01,Other,,,,,0,False
4f8daf03-3902-4c8e-851e-129e08d34a0d,Ali Hassan,app showing issue that fetching device details,1,2026-07-22 06:28:23,Bug,Unspecified,,,,0,False
580ec204-30f2-477f-9540-79b2d07b37db,Tayyba Bilal 1610,"due to their annual fee that is around 4060pkr and 3228pkr for SMS alert (seriously?) which is not a small amount for a person who save 1,1 rupee",1,2026-07-22 06:24:49,Other,,,,,0,False
cc943ce2-fb65-472c-b625-0a24f86c34bc,Sajid Ail,good application,5,2026-07-22 06:22:14,Positive,,,,,0,False
8d97ea43-c2a7-4009-b4c9-2bfc1fa93880,Usama Bin Tariq,The development team is on the mission to make the life of the users as miserable as possible. I can validate that they are doing a great job on that goal.,1,2026-07-22 06:18:23,Other,,,,,0,False
dcfaf9df-344c-4139-a3ad-eddc1f0e804e,Hafiz Sajid Mahmood,after a recent update I am facing issue continuously. the app is not login just saying fetching your device details. the issue is still same what happened to my app after an update??? where are your developers????,1,2026-07-22 06:14:40,Login,,,,,0,False
3226472b-6eb3-4c74-94f6-01033be9f925,Muhammad Zain Akram,"application is not opening on biometric verification it says fetching details from your device, when I call on helpline they say that we are facing this issue it will be resolved 24-48 hours, what will a person when his money is stucked in account and you on a place when you don't have excess cash",1,2026-07-22 06:12:01,Login,,,,,0,False
f6684382-9cd5-4ddf-8446-b35e2a52d378,R.k m.s.d,There is a problem with my account. I can't send money from my account. What is the reason? I can't transfer money to another account.,4,2026-07-22 06:11:17,Other,,,,,0,False
1e79ab44-3cdc-4493-b7e0-2c88a439f503,Ali Zulfiqar,"I got the update on 22 July 2026 and it literally made meezan app unusable. A lot of errors problems I need to clear the cache despite doing a lot of things it just says ""system cannot process ur request try again after some time"" whyyy? it's an emergency and today meezan forcefully made me to update the app and to make it unstable. Please test the app extensively on prod env before releasing. I'm now thinking of moving to another bank.",1,2026-07-22 06:06:26,Bug,App Not Opening/Loading,,,,0,False
17f72576-0783-4afb-8109-3f78e4cbdad3,tanzeela malik 745 tanzeelamalik745,pathetic update,1,2026-07-22 06:00:52,Other,,,,,0,False
dbe8110a-2ddc-4aec-a292-9fc236f27774,Tariq Khan,"I have been using the Meezan Bank Mobile App for the last three years, and the previous version worked very well. However, after the recent update, the app has become very slow and takes a long time to open. Sometimes it is unresponsive, which makes banking frustrating. The new version has significantly affected the user experience. I request the development team to improve the app's performance and optimize its speed so that it opens instantly with a single tap, just like the previous version.",1,2026-07-22 05:55:34,UI/Design,,,Unspecified/General Complaint,,2,True
ddd8ae3e-2379-46e4-a149-f97d12119918,Hafiz Rameez Ali,"har dosry din koi new error ata hai, kbi koi alert ata hai, app login nai hoti",1,2026-07-22 05:54:43,Login,,,,,0,False
f92907c4-8fb3-4767-95a7-44b106267437,Ma Ri,my issue is resolve by reinstalling app Thank U meezan support,4,2026-07-22 05:52:02,Bug,App Not Opening/Loading,,,,0,False
29047084-3650-493f-9c44-84a8437eaf0a,Umair Naseer,After the latest update application stopped working anyone else facing this problem?,1,2026-07-22 05:37:01,Other,,,,,0,False
ad1c60fe-7e2d-4fa4-bbc2-d68d38f1c61c,Zuraiz Khan,"This is the worst Bank App I have used so far. My Meezan Debit Card is not working on Meezan ATM But Working on all Other Bank ATM. Along with This My App is not working good everytime when I want to do a transaction My App show me a msg of Update every single time. I am totally pissed off with this and Now I decide to move on to another Bank Like UBL, Bank Al Falah.",1,2026-07-22 05:27:06,Transaction,,Unspecified,,,0,False
34e3b484-43c3-414a-82ea-e379712482c9,Muhammad Umar Zeb,"Hi, after new version update (v1.1.58(280)) meezan mobile app is opening since yesterday. it's give me an an error continuously the error is (please wait fetching your device details) due to this un wanted error in am unable to proceed with any payment . as per my my understanding the new version is to fix the old issues and some friendly new features but after your new version we face new issues. suggestion : in next you update your system pl give us an option to upgrade or not. thanks",4,2026-07-22 04:59:56,Bug,App Not Opening/Loading,,,,0,False
24ab24ee-4e4c-41ba-8c38-fd46fedda465,Muhammad Tabish Hafeez,pathetic App after tons of update its getting worst day by day.,1,2026-07-22 04:50:24,UI/Design,,,UI Element Misalignment,,0,False
2845dd95-5f0b-4188-b5ee-f23b6a3fc006,Ashir Urehman,now meezan app is no longer good app lagging and errors always i should go to another bank,1,2026-07-22 04:48:37,Bug,App Not Opening/Loading,,,,0,False
79def9c6-41b7-488a-a203-18b602a02fdd,Faizan Khalid Khan,facing an issue in opening of app after the recent update.,1,2026-07-22 04:46:08,Bug,Connectivity/Login Bug,,,,0,False
99f5c852-6c73-4ef4-b2b2-f3320d672455,Hussam Ali,"I have an issue with the Meezan Bank app. From last night 12:00 AM to now 22nd July 9:30 AM, my app is not logging in and they are giving me a strange notification which has never come before, fetching your device information and then a red screen.",1,2026-07-22 04:39:42,Login,,,,,0,False
927d9dc0-1268-4ac2-89cb-71988a8d32a6,Mudassar Shahzad,now days very bad service,1,2026-07-22 04:35:00,Other,,,,,1,False
a332818d-95aa-45fe-bfd5-97d82de5aa27,MEO JEE MFG,good,5,2026-07-22 04:20:34,Positive,,,,,0,False
7925f8f5-5033-41e6-a78b-1dfbf840fe77,Adeel Tahir Sindhu,"Yaar ye Kya fazool app BNA dia ha ye 2 , 2 din login hi ni hota. Classic app is se hazar guna behtar tha.. (MY PREVIOUS REVIEW) I found this Meezan Bank app very much user friendly and almost every time it responded well for me. I want to congratulate Meezan Bank to create a hessel free mobile banking app.",5,2026-07-22 04:11:09,Positive,,,,,0,False
2ca2ae59-4d67-407f-8db9-34b785eeaddb,Zahid Bhai,Fast and easy required,1,2026-07-22 03:40:12,Other,,,,,0,False
ab5e85dc-2a70-4eac-a1b8-936816a0131c,Usman Majeed,good,5,2026-07-22 03:18:19,Positive,,,,,0,False
6cf3a924-bef6-4efd-b06d-cd7a2b76033e,Shahzad Khan,easy and superb app,5,2026-07-22 03:06:05,Positive,,,,,0,False
0d3a6b0f-3993-4584-9799-c78d5d4f1c8b,Kainat Ijaz,👌perfect,4,2026-07-22 02:58:14,Positive,,,,,0,False
a2f25df0-7a06-4617-ac92-60155e75e884,Chaudhary Hashir,After the recent update biometric login is not working at all now if i want to login the app so everytime i have to enter password manually?,1,2026-07-22 02:42:19,Login,,,,,0,False
6a7a867a-3553-4b5c-bd9d-167a1c3f525a,Muhammad Owais,"I am experiencing repeated login issues with the Meezan Bank application after updating the software. The app frequently fails to log in, even after multiple attempts. Kindly investigate and help resolve this issue as soon as possible.",1,2026-07-22 01:53:07,Login,,,,,0,False
431b4940-49d3-4ffc-b603-1fd5cc29257d,Hashir khan,payoneer not working,3,2026-07-22 01:52:57,Transaction,,Wallet/Bill Transfer,,,0,False
93299f7a-486a-47cc-a096-538f7ee0cd67,subhan arshad,A Bug my application is not working like the alert we are fetching your device information when I login kindly solve this bug... thank you,5,2026-07-22 01:52:40,Bug,Connectivity/Login Bug,,,,0,False
f8494f1a-557b-47c8-9884-6f7a9d2b63ad,Zoya Haroon,"not a very good app...before the update, it had the problem of stalling and glitching, and being generally slow. Now it just isn't working. First I had to turn off accessibility for another app just to use this app (which is a very annoying feature), and now it's stuck on biometric verification. Have tried multiple times now to verify fingerprints but still stuck.",3,2026-07-21 23:21:18,Other,,,,,0,False
508cc331-9d5f-4cdb-9d45-bbe2e367739b,Aqeel Raqim,this is best Banking Application,5,2026-07-21 21:11:16,Positive,,,,,0,False
7a8ec498-836e-4b78-9e2e-4884f7a7bd19,Saba Naeem,bohat easy app Hy aasani SE smj aajati Hy or fast chalti hy,5,2026-07-21 21:02:18,Suggestion,,,,Reduce Update Frequency,0,False
d68b93a4-6e49-47c0-b573-7b7b0f256941,Muhammad Moazzam,who in the UX team thought it would be a nice to not let users paste their random password. Random passwords are strong but they are not easy to remember hence you paste them but now the app expects me to write password manually lol what a terrible decision and whoever did this should be fired,1,2026-07-21 18:30:55,UI/Design,,,Unspecified/General Complaint,,0,False
d8bcb70d-fa6d-4b07-8595-e1dd28f36e8e,Muhammad Arsalan,"from 1 week, app is updating himself before every use, plz fix this issue",3,2026-07-21 18:28:24,Suggestion,,,,Reduce Update Frequency,0,False
7be230eb-87f2-41f8-afe2-657357b47716,Hamza Amjad,worst worst worst experience ghalti hogyi account khulwa k lanat ho meezan bank waalo p,1,2026-07-21 18:22:55,Transaction,,Fees/Charges,,,0,False
ae9da94d-0162-4e52-9c7c-84427582bbc6,Usama Khaliq,"I am facing biometric verify failed, due to unknown error on the app. my mobile model is infinix note 60pro plus. please fix this bug for this mobile model thanks",3,2026-07-21 17:54:42,Bug,Connectivity/Login Bug,,,,0,False
1517dce3-dd77-471a-ab39-3aaa434dc774,Zafar Imam,excellent,3,2026-07-21 17:51:46,Positive,,,,,0,False
a83c11c5-0daa-4e83-b8af-93259d46c099,Zubair Ahmed,Good Bank and Good digital app,5,2026-07-21 17:43:04,Positive,,,,,0,False
514dfa4d-0388-4fa0-b99a-a0a56b110519,4handxome,good service provid,5,2026-07-21 17:30:38,Positive,,,,,0,False
cf85fea5-c383-4575-8c7f-14cf84fe6726,Abdul Manan,Can't login on Samsung A57. The last step where the app is said to Taking Picture of my hand to verify. App get stuck there. Don't know why but it feels like Im stuck here.,1,2026-07-21 16:39:00,Login,,,,,0,False
9a2fa55d-d425-4ce7-912a-b8cbf8cf5032,PAKFONES,"The application should work even without internet package like before. For example my home WiFi internet is not available due bill issue or any other reason, so i should be able to pay bill, send money to anyone. This can help us a lot but also no business interruption for the bank side. Few months before it was working but now it's stopped.",3,2026-07-21 16:32:34,Suggestion,,,,Other Feature Request,1,False
f09511a6-5807-45f6-8d0f-ca52e2aa1735,pK Legends,ghtiya treen app service aay din fzol update,1,2026-07-21 16:08:49,Bug,Force-Update Loop,,,,0,False
b2568990-00cf-45bc-913d-7c96b6a653b0,Dr M Ahtisham gulzar,first time preshani ka mamla,5,2026-07-21 15:44:32,Suggestion,,,,Reduce Update Frequency,0,False
58be4346-68d8-4f01-8867-2a1f1babf6b3,Amir kamboh Kambo,never recommend for online transactions Achachak hi app update mangti hai,1,2026-07-21 15:06:58,UI/Design,,,UI Element Misalignment,,0,False
24130a62-4e00-4d30-a471-59e53228297c,qadeer sawal,chee ha,5,2026-07-21 15:06:39,Suggestion,,,,Improve Receipt Format/UI,0,False
de81ae40-1f2b-4976-9de3-60f49e0c247d,Hammad Khan,awesome banking network,5,2026-07-21 14:25:44,Positive,,,,,0,False
9b49ca8d-146a-4470-817d-35b46a1b7198,irteza sheix,😃 great,5,2026-07-21 14:15:48,Positive,,,,,0,False
809a2080-0875-4de5-baad-5533f1e79fa1,Muhammad Amin,perfect,4,2026-07-21 14:12:28,Positive,,,,,0,False
622a8b07-e922-4603-a470-59f5bf9b174d,Ali zafar,very bad experience 😕,1,2026-07-21 14:10:07,Other,,,,,0,False
89d2b5f8-0164-4cd2-8eb0-d217146379dd,Muhammad Zahid Ali,good 👍,3,2026-07-21 13:26:01,Positive,,,,,0,False
bbfad325-6ee8-4216-91c7-099745d196d9,Khaliq Dad Tarar,"app is good and easy to operate,but max time its chocked and slow,especially evening time",3,2026-07-21 13:23:39,UI/Design,,,UI Element Misalignment,,0,False
